name,area,category,desc,tags,scene,status,url
とんかつ大関,辻堂東海岸,飲食店,創業から続く老舗とんかつ店。ボリューム満点。,"ランチ,がっつり,和食","仕事合間,ひとり飯,がっつりランチ",公開,http://ozeki.la.coocan.jp/
里のうどん,藤沢,飲食店,名物バラ丼とコシのあるうどんで満足感の高い人気店。,"ランチ,がっつり,名物","仕事合間,地元ランチ,名物",公開,http://www.satonoudon.com/
えのすいカフェ,片瀬海岸,飲食店,水族館内のオーシャンカフェ。海を感じながらゆったり。,"カフェ,デート,観光","観光途中,デート休憩,家族",公開,http://www.enosui.com/shop_oceancafe.php
湘南T-SITE,辻堂元町,買い物,本と雑貨に囲まれて静かに過ごせる大人向けの空間。,"カフェ,おしゃれ,静か,デート,雨の日","初デート,ひとり時間,雨の日",公開,https://store.tsite.jp/shonan/
テラスモール湘南,辻堂,買い物,駅直結の大型施設。ランチも買い物も一度に楽しめる。,"買い物,ランチ,雨の日,デート,駅近","買い物デート,雨の日,家族",公開,https://shonan.terracemall.com/
湘南パンケーキ,湘南エリア,飲食店,ふわふわ食感のパンケーキでゆったり過ごせる。,"カフェ,スイーツ,デート","カフェ巡り,休日デート",公開,https://shonan-pancake.jp/
新江ノ島水族館,片瀬海岸,観光,相模湾の生き物に出会える。イルカショーやクラゲが人気。,"観光,子連れ,デート,雨の日","家族お出かけ,初デート,雨の日",公開,https://www.enosui.com/
江の島,江の島,観光,海と食べ歩きと景色をまとめて楽しめる湘南の王道。,"観光,デート,食べ歩き,散歩,定番","半日観光,初デート,週末散歩",公開,https://www.fujisawa-kanko.jp/
江の島シーキャンドル,江の島,観光,展望灯台。湘南の海を一望でき、夜の夜景も圧巻。,"観光,デート,夜,景色","夕方デート,夜景デート",公開,https://enoshima-seacandle.com/
片瀬西浜海水浴場,片瀬海岸,観光,気軽に海を感じられて散歩にもぴったりなビーチ。,"観光,散歩,デート,定番","夕方散歩,海を見たい日",公開,https://enoshimawest-kugenuma.com/
辻堂海浜公園,辻堂,公園,ジャンボプールや交通公園があり家族連れに人気。,"公園,子連れ,外遊び,散歩","休日,家族お出かけ",公開,http://www.kanagawa-park.or.jp/tujidou/
長久保公園,辻堂,公園,都市緑化植物園。四季の花々と静かな散歩道。,"公園,静か,散歩","ひとり時間,のんびり散歩",公開,https://nagakubokouen.jp/
遊行寺,藤沢,観光,時宗総本山。藤沢宿の歴史を感じる静かな境内。,"観光,歴史,静か,散歩","大人のお出かけ,落ち着きたい日",公開,https://yugyoji.or.jp/
湘南海岸公園,鵠沼海岸,公園,海沿いの開放感溢れる公園。サーフビレッジ併設。,"公園,散歩,観光","朝散歩,リフレッシュ",公開,https://www.s-n-p.jp/
8LOUNGE,藤沢,飲食店,8HOTEL併設。自家焙煎コーヒーとバーガー。,"カフェ,おしゃれ,デート,夜","デート,夜カフェ",公開,https://8lounge.owst.jp/
炭火焼肉 ざんまい,藤沢,飲食店,コスパ抜群の焼肉。活気ある店内で友人と。,"夜,がっつり,焼肉","夜ごはん,友人と食事",公開,http://www.zanmai1129.com/
松壱家,藤沢,飲食店,濃厚な醤油豚骨の家系ラーメン。藤沢の人気店。,"ランチ,がっつり,ラーメン","ひとり飯,がっつりランチ",公開,https://www.matsuichiya.com/
江ノ電沿線散歩,藤沢〜江の島,観光,電車に乗りながらのんびり観光を楽しむ王道コース。,"観光,散歩,デート","観光デート,ゆったり旅",公開,https://www.enoden.co.jp/
鵠沼海岸,鵠沼,観光,日本のサーフィン発祥の地。夕景が美しいエリア。,"観光,散歩,静か",静かに過ごしたい日,公開,https://www.fujisawa-kanko.jp/
モキチフーズガーデン,藤沢,飲食店,工場跡を改装したイタリアン。ブルワリー直営。,"ランチ,おしゃれ,ビール,デート","ランチデート,休日",公開,https://www.kumazawa.jp/
ビストロハンバーグ,藤沢,飲食店,国産黒毛和牛100%使用。満足度の高い専門店。,"ランチ,がっつり,和牛","ランチデート,しっかり食べたい日",公開,https://fujisawabistrohamburger.foodre.jp/
カフェパンセ,藤沢,飲食店,落ち着いた空間。窓から江ノ電を眺められる。,"カフェ,静か,ひとり,江ノ電","ひとり時間,読書",公開,https://cafepensee.wixsite.com/pensee
HUG-RIDE PARK,鵠沼海岸,公園,鵠沼海浜公園が刷新。アーバンスポーツの聖地。,"公園,外遊び,スポーツ,最新",アクティブな休日,公開,https://enoshimawest-kugenuma.com/
江の島岩屋,江の島,観光,波の侵食でできた幻想的な洞窟。ロウソクで探検。,"観光,デート,冒険","観光デート,非日常体験",公開,https://www.fujisawa-kanko.jp/
湘南モールフィル,辻堂,買い物,家族で使いやすく、テラスモールに並ぶ人気モール。,"買い物,ランチ,子連れ","家族外出,普段使い",公開,http://www.shonan-fill.com/
藤沢OPA,藤沢,買い物,若者向けショップが充実した駅近ビル。,"買い物,デート,駅近",ショッピングデート,公開,https://www.opa-club.com/fujisawa
カレーうどん富貴堂,藤沢,飲食店,1954年創業。秘伝スパイスが人気の老舗。,"ランチ,がっつり,和食","ひとり飯,ランチ",公開,http://www.fukido.com/
湘南アジフライ あらた,藤沢,飲食店,2025年開店。相模湾の地アジ専門店。,"ランチ,魚,専門,最新","ひとり飯,魚好き",公開,https://instagram.com/arata_ajifry
甘味とごはんや 八一,藤沢,飲食店,2025年開店。古民家で味わう発酵和食と甘味。,"カフェ,和食,最新,古民家","歴史散策,デート",公開,https://instagram.com/fujisawa_yaichi
toki,藤沢,飲食店,2025年開店。和を織り交ぜたクラシックイタリアン。,"イタリアン,ディナー,最新","記念日,デート",公開,https://toki-fujisawa.jp/
ケーキ 風,片瀬海岸,飲食店,2025年開店。クラシックな洋菓子店。,"スイーツ,最新,江の島","休憩,お土産",公開,なし
We eat Wheat,鵠沼海岸,飲食店,150通りの組み合わせが可能なパスタ専門店。,"イタリアン,ランチ,家族,体験","休日ランチ,家族お出かけ",公開,https://tune-up.biz/ww-kugenuma/
岩本楼本館,江の島,宿泊,国登録有形文化財の風呂を持つ歴史的旅館。,"旅館,歴史,高級","観光,宿泊,特別な日",公開,http://www.iwamotoro.co.jp
江の島ホテル,江の島,宿泊,島内唯一の洋室。スパ施設と連携したリゾート。,"ホテル,温泉,観光","カップル,リゾート宿泊",公開,https://enoshima-island-spa.com/
恵比寿屋,江の島,宿泊,創業350年の老舗。江島神社参道に位置。,"旅館,歴史,老舗","観光,宿泊,歴史",公開,http://www.ebisuyaryokan.jp
民宿小川亭,江の島,宿泊,アットホームな民宿。江ノ島海産物定食が評判。,"民宿,海鮮,朝食","家族,観光宿泊",公開,https://enoshima-minshuku-ogawatei.crayonsite.net
R&L HOUSE,片瀬海岸,宿泊,100平米の一棟貸切スタイル。最大8名まで。,"貸切,グループ,家族","女子会,グループ旅行",公開,https://www.fujisawa-kanko.jp/stay/36.html
江ノ島ゲストハウス134,片瀬海岸,宿泊,交流重視。北欧風の清潔なドミトリー。,"ゲストハウス,安い,交流","一人旅,交流好き",公開,http://enoshimaguesthouse.wixsite.com/home
KKR江ノ島ニュー向洋,片瀬海岸,宿泊,海を見渡せる絶好のロケーション。,"ホテル,海が見える,手頃","家族,団体,宴会",公開,http://www.kkrenosima.com/
紀伊国屋旅館,片瀬海岸,宿泊,江の島入口の老舗。新鮮な海の幸が自慢。,"旅館,老舗,海鮮","観光,宿泊,家族",公開,http://www.kinokuniyaryokan.com
ほてる彩夏,片瀬海岸,宿泊,素足でくつろげる新しいスタイルのホテル。,"ホテル,便利,素足","観光,ビジネス",公開,http://hotelsaika.com
BREATH HOTEL,鵠沼海岸,宿泊,癒しと健康をテーマにした高級ホテル。,"ホテル,高級,記念日","カップル,記念日",公開,http://www.breath-hotel.com
ほてる汐彩,片瀬海岸,宿泊,海辺の絶好ロケーション。潮騒を感じる滞在。,"ホテル,海沿い,眺望","リラックス,家族",公開,http://hotelshiosai.com
湘南クリスタルホテル,藤沢,宿泊,ヨーロッパ風内装。ペット同伴プランあり。,"ホテル,おしゃれ,ペット","記念日,挙式,ペット",公開,https://www.crystal-hotel.jp
ホテル法華クラブ藤沢,藤沢,宿泊,男女別大浴場完備。繁華街にあり利便性抜群。,"ホテル,大浴場,駅近","家族,観光,ビジネス",公開,https://www.hokke.co.jp/shonan-fujisawa/
スーパーホテル湘南藤沢,藤沢,宿泊,天然温泉「伝馬の湯」を完備。朝食無料。,"ホテル,温泉,ビジネス","出張,手頃な宿泊",公開,https://www.superhotel.co.jp/s_hotels/fujisawa/
FUJISAWA HOTEL EN,藤沢,宿泊,ヴァケーションホテル。現代的で洗練された空間。,"ホテル,おしゃれ,観光","観光拠点,宿泊",公開,https://www.courthotels.co.jp/fujisawa/
ホテルウィング湘南藤沢,藤沢,宿泊,藤沢駅徒歩2分。機能的なビジネス拠点。,"ホテル,駅近,ビジネス","観光拠点,ビジネス",公開,https://www.hotelwing.co.jp/shonan-fujisawa/
アルモントイン湘南藤沢,藤沢,宿泊,上質なおもてなし。駅近の静かな拠点。,"ホテル,便利,手頃","出張,家族",公開,https://www.almont.jp/shonan/
相鉄フレッサイン湘南台,湘南台,宿泊,3路線利用可能な湘南台駅至近の最新ホテル。,"ホテル,駅近,ビジネス","観光拠点,ビジネス",公開,https://sotetsu-hotels.com/fresa-inn/shonandai/
湘南台第一ホテル,湘南台,宿泊,ビジネスや大学キャンパス訪問に最適。,"ホテル,駅近,便利","受験,ビジネス",公開,http://www.shonandai-dai1hotel.com
HOTEL AO KAMAKURA,腰越,宿泊,全16室のスモールラグジュアリーホテル。,"ホテル,高級,海が見える","記念日,大人旅",公開,https://hotelao.jp/
かきや旅館,腰越,宿泊,老舗食堂が営む。地魚料理が自慢。,"旅館,海鮮,老舗","観光,宿泊,海鮮",公開,http://www.kakiya.co.jp/
あさひ本店,江の島,飲食店,「丸焼きたこせんべい」の有名行列店。,"食べ歩き,名物,体験","観光休憩,名物体験",公開,http://www.murasaki-moto.com/
紀の国屋本店,江の島,飲食店,江の島もなかや女夫まんじゅうの老舗。,"和菓子,スイーツ,老舗","観光,お土産,休憩",公開,https://www.fujisawa-kanko.jp/
とびっちょ本店,江の島,飲食店,新鮮なしらす丼やかき揚げ丼が名物。,"海鮮,ランチ,人気店","がっつりランチ,観光",公開,http://tobiccho.com/
江の島 貝作,江の島,飲食店,店頭での磯焼き。新鮮な海の幸を堪能。,"海鮮,磯焼き,観光","観光ランチ,食べ歩き",公開,http://www.enoshima-kaisaku.jp/
LONCAFE,江の島,飲食店,日本初のフレンチトースト専門店。絶景テラス。,"カフェ,スイーツ,景色","デート,観光休憩",公開,https://loncafe.jp/
江の島プリン,片瀬海岸,飲食店,麦こがしを使った香ばしいプリン。,"スイーツ,プリン,名物","観光,お土産",公開,https://www.enoshima-pudding.com/
湘南デニムストリート,江の島,飲食店,デニムカラーの肉まんやソフトが話題。,"スイーツ,軽食,話題","食べ歩き,写真映え",公開,https://www.facebook.com/shonandenimstreet/
島の茶屋 あぶらや,江の島,飲食店,奥津宮境内の甘味処。白玉スイーツで一息。,"和菓子,カフェ,休憩","観光休憩,甘味",公開,https://instagram.com/enoshima_aburaya
Eggs'n Things 江の島,片瀬海岸,飲食店,本場ハワイのパンケーキ。海辺の開放感。,"カフェ,パンケーキ,人気","デート,家族ランチ",公開,https://www.eggsnthingsjapan.com/fujisawa/
カフェヨリドコロ,江の島,飲食店,江ノ電を眺めながら絶品干物定食。,"和食,江ノ電,体験","観光ランチ,体験型",公開,https://yoridocoro.com/
萬福楼 新館,藤沢,飲食店,安くてボリューム満点の中華。刀削麺が人気。,"中華,がっつり,ランチ","ひとり飯,友人と食事",公開,https://manpukurou-shinkan.owst.jp/
Free Culture,藤沢,飲食店,木のぬくもりがある無国籍創作料理カフェ。,"多国籍,カフェ,隠れ家","女子会,夜ごはん",公開,http://freeculture-fujisawa.jp/
GAKU NO TOBOE,亀井野,飲食店,2025年開店。アルゼンチンのパイ専門店。,"カフェ,最新,中南米","軽食,テラス席",公開,https://instagram.com/gaku_no_toboe/
ホワイト餃子 湘南藤沢店,遠藤,飲食店,2025年開店。モチモチ皮が人気の餃子専門店。,"餃子,がっつり,最新","家族ランチ,ひとり飯",公開,https://white-gyouza.co.jp/
湘南鮪漁港,鵠沼海岸,飲食店,2025年開店。HUG-RIDE PARK内の海鮮食堂。,"海鮮,最新,公園","公園遊び,海鮮好き",公開,https://instagram.com/shonan_maguro
BISTRO SANTÉ,藤沢,飲食店,2025年開店。本格フレンチを気軽に。,"ビストロ,フレンチ,最新","記念日,デート",公開,https://matsudaya-bistro-sante.com
いすゞプラザ,湘南台,観光,車づくりを疑似体験できる体験型施設。,"体験,車,家族","子供連れ,社会見学",公開,https://www.isuzu-plaza.jp/
ロボテラス,辻堂,観光,最新ロボットと触れ合える無料体験スポット。,"ロボット,体験,無料","子供連れ,雨の日",公開,https://roboterrace.jp/
藤澤浮世絵館,辻堂,観光,藤沢ゆかりの浮世絵を展示。入館無料。,"歴史,アート,無料","歴史散策,雨の日",公開,https://fujisawa-ukiyoekan.net/
ふじさわ宿交流館,藤沢,観光,藤沢宿の歴史を学ぶ拠点。無料休憩所あり。,"歴史,無料,休憩","歴史散策,のんびり",公開,https://fujisawashuku-kouryukan.com/
江島神社,江の島,観光,日本三大弁財天の一つ。良縁のパワースポット。,"神社,パワースポット,歴史","良縁祈願,歴史散策",公開,http://enoshimajinja.or.jp/
龍口寺,片瀬,観光,日蓮宗本山。美しい五重塔を持つ名刹。,"寺院,歴史,建築","歴史散策,落ち着きたい日",公開,https://ryuukoji.com/
白旗神社,藤沢,観光,源義経公を祀る。グラスファイバー製鳥居。,"神社,歴史,義経","歴史散策,初詣",公開,http://www.shirahata-jinja.jp/
皇大神宮,藤沢,観光,相模国甘郷総社。人形山車が有名。,"神社,歴史,伝統","歴史散策,祭事",公開,http://www.koutaijinguu.com/
養命寺,辻堂,観光,重要文化財の薬師如来坐像を安置。,"寺院,歴史,文化財","歴史散策,仏像鑑賞",公開,https://www.fujisawa-kanko.jp/
常光寺,藤沢,観光,樹林が市の天然記念物。静かな古刹。,"寺院,歴史,自然",静かに過ごしたい日,公開,https://www.fujisawa-kanko.jp/
二伝寺,藤沢,観光,玉縄城の砦跡。歴史ロマンを感じる。,"寺院,歴史,眺望","歴史散策,のんびり",公開,https://nidenji.or.jp/
宇都母知神社,打戻,観光,市内最古。縁結びや学業祈願。,"神社,パワースポット,歴史","恋愛成就,学業祈願",公開,https://utsumochi-jinja.com/
稚児ヶ淵,江の島,観光,海食台が広がる。夕日の絶景スポット。,"景色,自然,海","夕方散歩,フォトスポット",公開,https://www.fujisawa-kanko.jp/
大庭城址公園,大庭,公園,北条氏の城跡。芝生広場と桜が美しい。,"公園,歴史,桜","家族お出かけ,お花見",公開,https://www.city.fujisawa.kanagawa.jp/
引地川親水公園,遠藤,公園,川沿いの親水エリア。藤棚や散策路。,"公園,自然,藤","散歩,子供連れ",公開,https://www.city.fujisawa.kanagawa.jp/
神台公園,辻堂,公園,テラスモール隣接。開放的な芝生広場。,"公園,駅近,芝生","買い物休憩,ピクニック",公開,https://www.city.fujisawa.kanagawa.jp/
新林公園,藤沢,公園,古民家と里山の風景。ハイキングに最適。,"公園,古民家,自然","ハイキング,歴史体験",公開,https://www.city.fujisawa.kanagawa.jp/
湘南台公園,湘南台,公園,巨大地球儀が目印。駅近で遊具充実。,"公園,駅近,遊具","家族お出かけ,遊び場",公開,https://www.city.fujisawa.kanagawa.jp/
境川遊水地公園,湘南台,公園,広大な水辺公園。生物観察が可能。,"公園,自然,観察","散歩,学習",公開,http://www.kanagawa-park.or.jp/sakaigawa/
弁天丸,江の島,観光,江の島入口と岩屋を結ぶ遊覧船。,"観光,船,移動","移動ショートカット,景色",公開,https://www.fujisawa-kanko.jp/
藤沢市役所 展望デッキ,藤沢,観光,市役所最上階。無料で富士山を一望。,"観光,無料,景色","ひとり時間,街歩き",公開,https://www.city.fujisawa.kanagawa.jp/
3＋3 CAFE,藤沢,飲食店,複合施設Fプレイス最上階の天空カフェ。,"カフェ,ランチ,景色","景色ランチ,デート",公開,https://3plus3cafe.com/
オリンピック記念噴水池,江の島,観光,1964年五輪記念。江の島入口のシンボル。,"歴史,シンボル,広場","待ち合わせ,観光起点",公開,https://www.fujisawa-kanko.jp/
井上総本舗,江の島,飲食店,創業明治。パリパリのアイス最中が人気。,"和菓子,食べ歩き,老舗","観光休憩,スイーツ",公開,https://instagram.com/inouesouhonpo
中村屋羊羹店,江の島,飲食店,元祖海苔羊羹の老舗。磯の香りが特徴。,"和菓子,お土産,老舗","観光休憩,お土産",公開,https://www.fujisawa-kanko.jp/
島の茶屋 あぶらや,江の島,飲食店,奥津宮前の甘味処。落ち着いた和空間。,"和菓子,カフェ,休憩","観光休憩,甘味",公開,https://instagram.com/enoshima_aburaya
藤沢駅北口商店街,藤沢,買い物,地元感溢れる商店街。散策に最適。,"買い物,散歩,ローカル","地元散策,ちょい歩き",公開,https://fujisawa-shouren.or.jp/
湘南アジフライ あらた,藤沢,飲食店,2025年オープン。新鮮地アジ専門店。,"ランチ,魚,最新,専門","ひとり飯,魚好き",公開,https://instagram.com/arata_ajifry
まんぷく堂,江の島,飲食店,江の島食べ歩き。串もちが評判。,"食べ歩き,和菓子,休憩","観光休憩,軽食",公開,https://www.fujisawa-kanko.jp/
LONCAFE 江の島,江の島,飲食店,日本初のフレンチトースト専門店。,"カフェ,スイーツ,景色","デート,観光休憩",公開,https://loncafe.jp/
カフェヨリドコロ,江の島,飲食店,絶景と美味しい干物ランチ。,"和食,江ノ電,体験","観光ランチ,体験型",公開,https://yoridocoro.com/
萬福楼 新館,藤沢,飲食店,本格中華。リーズナブルでがっつり。,"中華,がっつり,ランチ","ひとり飯,友人と食事",公開,https://manpukurou-shinkan.owst.jp/
Chitoseya,片瀬海岸,飲食店,2025年開店。海苔巻き専門テイクアウト。,"寿司,最新,ピクニック","軽食,海辺ランチ",公開,なし
鎌倉野菜 まつだ家,藤沢,飲食店,2025年開店。鎌倉野菜と酒の大人の隠れ家。,"和食,野菜,最新,居酒屋","デート,記念日",公開,https://instagram.com/matudayafujisawa
お鮨や たかい,辻堂,飲食店,2025年開店。職人技を気軽に立ち食い。,"寿司,最新,立ち食い","ひとり飯,魚好き",公開,なし
境川サイクリングロード,藤沢,観光,海を望む爽快なコース。,"観光,自転車,アクティブ","リフレッシュ,運動",公開,https://www.fujisawa-kanko.jp/
下土棚遊水地公園,湘南台,公園,A池。自然豊かな観察スポット。,"公園,自然,観察","散歩,静かな日",公開,https://www.city.fujisawa.kanagawa.jp/
WithGreen テラスモール湘南店,辻堂神台,飲食店,2025年11月開店。主食になるボリューム満点のサラダボウル専門店。,"サラダ,最新,ヘルシー,ランチ","美容・健康,買い物休憩,ひとり飯",公開,https://withgreen.club/
中華蕎麦 時雨,辻堂神台,飲食店,横浜の名店がテラスモールに出店。素材の旨味を凝縮した繊細なスープが絶品。,"ラーメン,ランチ,名店,フードコート","ひとり飯,家族ランチ,サク飯",公開,https://shonan.terracemall.com/
イータリー 湘南店,辻堂神台,飲食店,イタリアの食文化を凝縮。高品質なピザやパスタと、本格食材のマーケットが融合。,"イタリアン,ピザ,パスタ,マーケット","デート,女子会,自分へのご褒美",公開,https://www.eataly.co.jp/
越後 叶家,辻堂神台,飲食店,布海苔をつなぎに使用した「へぎそば」とタレかつ丼など、新潟の郷土料理を提供。,"そば,和食,新潟,ランチ","家族,落ち着いた食事,ランチ",公開,なし
SHONAN Grill Style,辻堂神台,飲食店,フードコートで本格的なグリル料理を。香ばしい肉料理がリーズナブルに楽しめる。,"肉,グリル,ランチ,フードコート","家族,がっつり,買い物合間",公開,なし
匠のがってん寿司,辻堂神台,飲食店,鮮度の高いネタを職人が握る。ワンランク上の満足感を味わえる回転寿司。,"寿司,海鮮,ランチ,買い物","家族,ご褒美,お祝い",公開,https://www.gatten.co.jp/
GARA 中海岸,辻堂神台,飲食店,本場インドのスパイスを独自にブレンドした、深みのあるカレーとナン。,"カレー,インド料理,ランチ","家族,スパイス好き,友人",公開,http://www.gara.co.jp/
CAFE NOB,辻堂神台,飲食店,アンティーク調の家具に囲まれた空間。体に優しい自然派ランチが人気。,"カフェ,ランチ,おしゃれ,Luz","女子会,ママ会,読書",公開,https://cafenobnet.gorp.jp/
野菜と中華 八福,辻堂,飲食店,2025年11月開店。新鮮な野菜をふんだんに使ったヘルシーでボリューム満点の中華料理。,"中華,ランチ,最新,健康","家族ランチ,ひとり飯,友人",公開,なし
ゴンチャ テラスモール湘南店,辻堂神台,飲食店,2025年7月開店。世界的に人気のティーカフェ。自分好みのカスタマイズが楽しめる。,"カフェ,タピオカ,最新,スイーツ","休憩,学生,デート",公開,https://www.gongcha.co.jp/
東華軒 テラスモール湘南店,辻堂神台,飲食店,2025年7月開店。老舗のお弁当と惣菜。テイクアウトや海でのピクニックに最適。,"弁当,デリ,最新,老舗","ピクニック,持ち帰り,夕飯",公開,なし
星乃珈琲店 テラスモール湘南店,辻堂神台,飲食店,落ち着いた空間でハンドドリップコーヒーと名物のスフレパンケーキを。,"カフェ,パンケーキ,ランチ","ひとり時間,読書,休憩",公開,なし
Hawaiian Cafe & Restaurant Merengue,辻堂神台,飲食店,フワフワのパンケーキとハワイアンフード。開放的な店内でリゾート気分。,"カフェ,ハワイアン,パンケーキ","家族,デート,女子会",公開,https://www.merengue-hawaii.jp/
SALVATORE CUOMO Cafe,辻堂神台,飲食店,本格ピザ窯で焼くナポリピッツァ。明るい店内で本格イタリアンをカジュアルに。,"イタリアン,ピザ,パスタ","家族,友人,デート",公開,http://www.salvatore.jp/
お好み・もんじゃ 清十郎,辻堂神台,飲食店,本場大阪の味を辻堂で。出汁の効いたお好み焼きともんじゃが楽しめる。,"お好み焼き,和食,ランチ","家族,友人,宴会",公開,なし
串家物語 テラスモール湘南店,辻堂神台,飲食店,自分で揚げる串揚げ食べ放題が楽しめる。子供から大人まで楽しめる人気店。,"串揚げ,食べ放題,体験","家族,学生,お祝い",公開,https://www.kushi-ya.com/
トースティーズ,辻堂神台,飲食店,外はカリッ、中はふわふわのフレンチトースト専門店。テラス席が心地よい。,"カフェ,スイーツ,ランチ","買い物休憩,女子会,デート",公開,なし
J.S. PANCAKE CAFE,辻堂神台,飲食店,パンケーキ専門のカフェ。スイーツ系から食事系まで幅広いメニューが揃う。,"カフェ,パンケーキ,ランチ","女子会,デート,家族",公開,なし
梅蘭,辻堂神台,飲食店,表面をカリッと焼き固めた「梅蘭焼きそば」が看板メニューの有名中華店。,"中華,名物,ランチ,フードコート","家族,友人,買い物合間",公開,http://www.bairan-tougen.jp/
石焼ビビンパの店 李家 むっとり,辻堂神台,飲食店,本格的な韓国料理。石焼ビビンパやスンドゥブなど、手軽に韓国の味を。,"韓国料理,ランチ,フードコート","家族,友人,がっつり",公開,なし
Ahaha DONUTS,辻堂,飲食店,2026年3月開店。素材にこだわったふわモチ食感の手作りドーナツ専門店。,"カフェ,スイーツ,最新,お土産","スイーツ休憩,女子会,差し入れ",公開,https://www.instagram.com/ahaha_donuts
酒場ふくらぎ,辻堂新町,飲食店,2026年3月開店。名店「ほたる」の2階。鮮魚と湘南野菜のおばんざい酒場。,"居酒屋,海鮮,最新,和食","夜ごはん,友人と,宴会",公開,https://www.instagram.com/sakabafukuragi
お鮨や たかい,辻堂,飲食店,2025年8月開店。職人が握る本格的な寿司を気軽に楽しめる立ち食いスタイル。,"寿司,最新,立ち食い,魚","ひとり飯,サク飲み,ランチ",公開,なし
辻堂エールハウス,辻堂,飲食店,2025年8月開店。アイルランドの港町をイメージした本格的なアイリッシュパブ。,"パブ,ビール,最新,洋食","夜の一杯,友人,デート",公開,なし
鶏口牛後,辻堂,飲食店,2025年10月開店。土佐備長炭で丁寧に焼き上げる、香ばしい本格焼き鳥店。,"焼き鳥,ディナー,最新,和食","夜ごはん,記念日,デート",公開,なし
Bistro Coqia,辻堂,飲食店,2025年11月開店。肩肘張らずに本格的なフランス料理が楽しめる隠れ家ビストロ。,"フレンチ,ビストロ,最新,おしゃれ","記念日,デート,女子会",公開,なし
沖縄家庭料理 赤嶺 北口店,辻堂,飲食店,2025年10月開店。あぐー豚のしゃぶしゃぶが人気。南口本店に続く待望の2号店。,"沖縄料理,居酒屋,最新,ランチ","友人,家族,宴会",公開,なし
TKP Dining Cafe,辻堂,飲食店,2025年6月開店。ホテル併設。モーニングビュッフェからランチまで幅広く。,"ビュッフェ,ランチ,最新,ホテル","朝食,家族,団体",公開,なし
魚酒肴 くぅ,辻堂,飲食店,2026年3月リニューアル。のどぐろや牡蠣など、厳選された旬の海鮮を堪能。,"海鮮,和食,居酒屋,最新","記念日,会食,魚好き",公開,なし
Minami Curry,辻堂,飲食店,音楽愛あふれる空間で味わう本格スパイスカレー。あいがけの「トリプル」が名物。,"カレー,スパイス,ランチ,名店","カレー好き,ひとり飯,友人",公開,https://www.minamicurry.com/
Cooker's Grill,辻堂,飲食店,炭火で焼き上げる肉厚パティが自慢の、行列ができる超人気バーガーショップ。,"ハンバーガー,肉,ランチ,人気","がっつり,友人,観光",公開,なし
BRUNCHES All Day Breakfast,辻堂,飲食店,アメリカ西海岸風カフェ。パンケーキからサラダボウルまで一日中楽しめる。,"カフェ,朝食,ランチ,西海岸","休日ブランチ,朝活,おしゃれ",公開,なし
Losa Ilmare,辻堂,飲食店,駅から徒歩1分のイタリアン。彩り豊かな前菜と自家製パスタが絶品。,"イタリアン,パスタ,隠れ家,デート","デート,女子会,特別な日",公開,https://rosa-il-mare.com/
鮨鰻ふぐ 田代,辻堂,飲食店,創業から続く老舗。確かな職人技で提供される鰻やふぐ料理は、大切な日に。,"和食,鰻,ふぐ,寿司,老舗","記念日,接待,家族",公開,なし
INAGAKI亭,辻堂,飲食店,黒毛和牛を目の前で焼き上げる贅沢な鉄板焼き。特別な日を彩る演出が魅力。,"ステーキ,鉄板焼き,和牛,高級","誕生日,記念日,贅沢ランチ",公開,なし
串揚げと煮込みの店 ほたる,辻堂新町,飲食店,揚げたての串揚げと、じっくり煮込んだもつ煮が自慢。土日はランチ営業もあり。,"居酒屋,串揚げ,煮込み,人気","友人,夜ごはん,サク飲み",公開,なし
匠人いとう,辻堂,飲食店,辻堂南口そば。透き通った淡麗な塩ラーメンが、女性や締めの一杯に人気。,"ラーメン,塩,ランチ,駅近","ひとり飯,締め,麺好き",公開,なし
そば 酒 髙島家,辻堂,飲食店,噛み応えのある蕎麦と、旬の素材を使った天ぷらが楽しめる大人の蕎麦処。,"そば,和食,日本酒,大人","落ち着いたランチ,大人デート",公開,なし
麺屋 海心,辻堂,飲食店,魚介の旨味が効いた濃厚なスープともっちりした麺が特徴。駅前でサクッと。,"ラーメン,ランチ,がっつり,魚介","ひとり飯,麺好き,サク飯",公開,なし
鰻 時金,辻堂,飲食店,週に数日のみ営業するこだわりの鰻店。ふっくらと焼き上げられた鰻が絶品。,"和食,鰻,限定,希少","自分へのご褒美,家族",公開,なし
餃子酒場 カノウ,辻堂,飲食店,皮はパリパリ、中はジューシーな特製餃子が自慢。昼は定食、夜は居酒屋。,"中華,餃子,居酒屋,ランチ","友人,サク飲み,家族",公開,なし
辻堂酒場 たまらん,辻堂,飲食店,串焼きや鮮魚が自慢。深夜まで営業しており、2軒目利用や遅い夕食に便利。,"居酒屋,串焼き,夜,深夜","友人,仕事帰り,サク飲み",公開,なし
琥珀,辻堂,飲食店,素材の味を活かした創作和食。落ち着いた店内でゆったりと酒と料理を愉しめる。,"和食,居酒屋,創作料理,大人","デート,会食,大人",公開,なし
辻花,辻堂,飲食店,駅からすぐ。手頃な価格で家庭的な味が楽しめ、地元客に長年愛される居酒屋。,"居酒屋,和食,手頃,地元","ひとり飯,友人,仕事帰り",公開,なし
炭焼酒場 舌屯,辻堂,飲食店,備長炭で焼き上げる本格串焼き。活気ある店内で、自慢の肉料理を楽しめる。,"居酒屋,串焼き,肉,炭火","友人,夜ごはん,宴会",公開,なし
串かつ酒場 串堂,辻堂,飲食店,カリッと揚がった串かつを秘伝のタレで。気軽に立ち寄れる活気ある酒場。,"居酒屋,串かつ,サク飲み","友人,仕事帰り,ひとり飯",公開,なし
肉バル×生パスタ プラスガード,辻堂,飲食店,もちもちの生パスタとボリューム満点の肉料理。女子会やグループに人気。,"パスタ,肉,バル,おしゃれ","女子会,友人,デート",公開,なし
S-46 Beer Market,辻堂,飲食店,クラフトビールとこだわりのグリル料理。おしゃれな内装で開放的な雰囲気。,"ビール,バル,ランチ,おしゃれ","昼飲み,友人,デート",公開,なし
Bel Tempo,辻堂,飲食店,本格的な薪窯で焼くピッツァが自慢。アットホームな雰囲気のイタリアン。,"イタリアン,ピザ,ランチ","家族,友人,デート",公開,なし
ジンギスカン 羊堂,辻堂元町,飲食店,新鮮なラム肉をリーズナブルに。自家製タレが肉の旨味を引き立てる専門店。,"焼肉,ジンギスカン,ランチ","友人,がっつり,夜ごはん",公開,なし
WOOT,辻堂西海岸,飲食店,2025年11月開店。ハワイ老舗の味を継承したアツアツの揚げたてマラサダ。,"カフェ,スイーツ,最新,ハワイアン","カフェ巡り,海散歩,お土産",公開,https://www.instagram.com/woot_tsujido/
辻堂パーク,辻堂西海岸,飲食店,2026年3月開店予定。本格ピザとナチュラルワインをカジュアルに。,"イタリアン,ピザ,最新,ワイン","デート,休日ランチ,友人",公開,なし
はやし家製麺所 わかほの,辻堂西海岸,飲食店,2026年1月開店。香川の名店で修行した店主による、本場の讃岐うどん。,"うどん,最新,本場,ランチ","家族,ひとり飯,麺好き",公開,なし
製麺食堂 あぶみ 辻堂店,辻堂西海岸,飲食店,魚介と動物系のダブルスープが特徴の、湘南エリアを代表する人気ラーメン店。,"ラーメン,ランチ,家族,名物","家族ランチ,麺好き,がっつり",公開,https://www.menya-abumi.com/
麺場田所商店 辻堂店,辻堂西海岸,飲食店,全国各地の味噌を選べる味噌ラーメン専門店。濃厚な味わいが幅広い層に支持。,"ラーメン,味噌,ランチ,駐車場","家族,がっつり,ひとり飯",公開,なし
AMERICAN HOUSE TSUJIDO,辻堂,飲食店,海浜公園近く。古き良きアメリカを感じる店内で、ボリューム満点のバーガーを。,"アメリカン,ハンバーガー,ランチ","家族,海帰り,友人",公開,https://americanhouse.co.jp/
3nD CAFE+BAR,辻堂東海岸,飲食店,海辺のオシャレなカフェバー。ローストビーフやこだわりサンドが楽しめる。,"カフェ,バー,海沿い,おしゃれ","デート,女子会,海散歩",公開,https://sando-cafe.foodre.jp/
STEAK HOUSE sandbar,辻堂東海岸,飲食店,ビーチ近くのオシャレなステーキ店。国産牛100%のハンバーグが絶品。,"ステーキ,ハンバーガー,おしゃれ","海帰り,デート,家族",公開,なし
HIMARAK Tsujido,辻堂西海岸,飲食店,薬膳スープカレー専門店。ジビエや地元野菜を使ったスパイス香る一杯。,"カレー,健康,ランチ,薬膳","カレー好き,ひとり飯,体調管理",公開,なし
カレースタンド サンパチ,辻堂西海岸,飲食店,昔ながらの手作りカレーが600円台から。コスパ抜群で地元民に愛される。,"カレー,ランチ,手頃,ボリューム","ひとり飯,サク飯,学生",公開,なし
蕎麦司・紅がら,辻堂西海岸,飲食店,創業40年以上の老舗。喉越しの良い手打ち蕎麦を、季節の花々を眺めながら。,"そば,和食,老舗,落ち着いた","落ち着いたランチ,家族,デート",公開,なし
206 LoKu Coffee,辻堂東海岸,飲食店,サーファー通り沿いの小さなコーヒースタンド。本格的な一杯で散歩の休憩を。,"カフェ,コーヒー,休憩,散歩","散歩,ひとり時間,こだわり",公開,なし
Tonkatsu 大関,辻堂東海岸,飲食店,創業から続く老舗とんかつ店。ボリューム満点で地元ファンが多い名店。,"とんかつ,和食,老舗,がっつり","ひとり飯,がっつりランチ,家族",公開,なし
MARU喜,辻堂東海岸,飲食店,濃厚なスープと太麺が特徴。地元で根強い人気を誇るラーメン店。,"ラーメン,つけ麺,がっつり","ひとり飯,仕事合間,麺好き",公開,なし
ひげでん本店,辻堂東海岸,飲食店,昭和の趣がある老舗。出汁が染み込んだ「おでん」は四季を通じて楽しめる。,"和食,おでん,居酒屋,老舗","夜ごはん,友人,老舗",公開,なし
モティマハール,辻堂東海岸,飲食店,本格的なインド・ネパール料理。大きなナンとスパイシーなカレーが絶品。,"カレー,インド料理,ランチ","家族,友人,がっつり",公開,なし
みはる,辻堂東海岸,飲食店,海近くの食堂。新鮮な刺身定食や、どこか懐かしい中華メニューが揃う。,"海鮮,中華,食堂,地元","ひとり飯,ランチ,地元",公開,なし
ブルックランズ,辻堂東海岸,飲食店,落ち着いた雰囲気のビストロ。パスタやメイン料理をゆっくりと楽しめる。,"ビストロ,イタリアン,落ち着いた","記念日,デート,女子会",公開,なし
Bread and Wine SURF TOWN,辻堂東海岸,飲食店,パンとワインをカジュアルに。店内で焼き上げるパンを酒のつまみに。,"バー,パン,ワイン,海辺","ひとり時間,デート,夜",公開,なし
OKE BAGELS,辻堂,飲食店,2025年5月開店。むぎゅむぎゅとした力強い食感が魅力の本格派ベーグル店。,"パン,ベーグル,最新,ランチ","朝ごはん,ピクニック,お土産",公開,なし
LIFE Sea,辻堂元町,飲食店,湘南T-SITEの看板イタリアン。開放的な空間で、素材を活かしたシンプルなパスタを。,"イタリアン,パスタ,おしゃれ,T-SITE","デート,ひとり時間,休日ランチ",公開,http://www.lifesea.jp/
テーブルオギノ 湘南,辻堂元町,飲食店,フレンチシェフによる本格デリ。パテやソーセージ、全国の野菜を使った惣菜。,"フレンチ,デリ,肉,ビストロ","ひとりランチ,手土産,おうちご飯",公開,http://real.tsite.jp/shonan/
パンとエスプレッソと 湘南,辻堂元町,飲食店,人気の食パン「ムー」やこだわりのコーヒー。朝食からディナーまで楽しめる。,"カフェ,パン,ランチ,人気","モーニング,読書,女子会",公開,なし
WIRED Kitchen,辻堂元町,飲食店,テラス席はペットOK。タコライスやジャンバラヤなどカジュアルな多国籍料理。,"多国籍,ランチ,ペット可,カフェ","犬の散歩,友人,カジュアル",公開,なし
Lucy's Bakery,辻堂元町,飲食店,アメリカンダイナー。本場の味を再現したタコスやアメリカンケーキが人気。,"アメリカン,タコス,スイーツ","家族,友人,甘いもの",公開,なし
湘彩ダイニング,辻堂元町,飲食店,地場野菜をたっぷり使ったビュッフェが人気のカジュアルレストラン。,"ビュッフェ,ランチ,地場野菜,健康","女子会,ママ会,野菜摂取",公開,なし
カフェ FRESCA,辻堂元町,飲食店,輸入食品とカフェが融合。こだわりのコーヒーをハンドドリップで。,"カフェ,コーヒー,輸入食品,こだわり","休憩,こだわり派,ひとり時間",公開,なし
和レ和レ和,辻堂元町,飲食店,「パンとエスプレッソと」が手がける定食屋。丁寧な和食で心安らぐ時間を。,"和食,ランチ,健康,定食","ひとり飯,丁寧な暮らし,ランチ",公開,なし
ecomo Restaurant,辻堂元町,飲食店,有機野菜や地元食材にこだわった、体に優しいオーガニックレストラン。,"オーガニック,健康,ランチ,家族","家族,野菜好き,ママ会",公開,https://www.ecomo-lohas.com/
127コーヒーロースターズ,辻堂元町,飲食店,自家焙煎の新鮮な豆を使用。香りに包まれて本格的なコーヒーを楽しめる。,"カフェ,コーヒー,ロースタリー","休憩,コーヒー好き,散歩",公開,なし
ジンギスカン 羊堂,辻堂元町,飲食店,新鮮なラム肉をリーズナブルに。自家製タレが肉の旨味を引き立てる。,"焼肉,ジンギスカン,ランチ,がっつり","友人,がっつり,夜ごはん",公開,なし
らーめん萬来,辻堂元町,飲食店,地域に根ざした町中華。どこか懐かしい味わいのラーメンと餃子が評判。,"ラーメン,町中華,地元,手頃","ひとり飯,サク飯,地元",公開,なし
たい平 辻堂店,辻堂元町,飲食店,鮮度の良い魚介を楽しめる和食処。ランチの定食はボリュームがあり満足度高。,"和食,海鮮,ランチ,地元","家族,ひとり飯,仕事合間",公開,なし
カプリス,辻堂元町,飲食店,アットホームなイタリアン。季節の食材を使ったパスタやピザが楽しめる。,"イタリアン,パスタ,地元,家庭的","家族,友人,休日ランチ",公開,なし
らーめん能登山 別館,辻堂元町,飲食店,濃厚な豚骨スープとこだわりの中太麺。満足度の高い一杯を提供。,"ラーメン,豚骨,がっつり,人気","ひとり飯,麺好き,がっつり",公開,なし
おもて珈琲,辻堂,飲食店,静かな住宅街の一軒家カフェ。自家焙煎コーヒーと手作りおやつで癒しの時を。,"カフェ,コーヒー,静か,一軒家","ひとり時間,読書,休憩",公開,なし
Cafe Hutte,辻堂,飲食店,ロールケーキなど季節の果実を使ったスイーツが評判。温もりある北欧風空間。,"カフェ,スイーツ,ランチ,北欧","女子会,甘いもの,デート",公開,なし
cafe & gin mono,辻堂,飲食店,昼は本格コーヒー、夜はクラフトジン。バリスタこだわりの一杯を楽しめる。,"カフェ,バー,コーヒー,ジン","こだわり派,友人,夜カフェ",公開,なし
BOOKY,辻堂,飲食店,本好きのためのシェア型本屋＆カフェ。静かな環境で読書とコーヒーを。,"カフェ,本,静か,作業","ひとり時間,読書,勉強",公開,なし
蔵まえ34,辻堂,飲食店,古民家を改装した趣のある空間。日替わりの季節のランチをゆっくりと。,"和食,古民家,ランチ,落ち着いた","落ち着いた日,女子会,歴史",公開,なし
ティーイソブチカンパニー,辻堂,飲食店,本格的な紅茶を楽しめるティールーム。スコーンなどのスイーツも充実。,"紅茶,カフェ,専門店,アフタヌーン","ティータイム,女子会,休憩",公開,http://www.isobuchi-tea.com/
カステラの銀装 カフェ ラ・サール,辻堂,飲食店,工場直営ならではの新鮮なカステラと、充実した洋食メニュー。,"カフェ,洋食,スイーツ,直営","家族,休憩,お土産",公開,なし
127コーヒーロースターズ,辻堂元町,飲食店,辻堂元町の本格ロースタリー。コーヒー豆の購入も可能でファンが多い。,"カフェ,コーヒー,専門店,本格","コーヒー好き,散歩,こだわり",公開,なし
Ellie Suite,辻堂,飲食店,2026年3月開店。米粉を使用したフワフワ食感のシフォンケーキ。,"スイーツ,最新,米粉,専門店","カフェ休憩,お土産,健康志向",公開,なし
Pie＆gimmick Kazoku,辻堂,飲食店,2026年3月開店。フレンチシェフ直伝のミートソースが絶品。テイクアウトも。,"洋食,最新,専門店,パイ","軽食,ランチ,ピクニック",公開,なし
Julian,藤沢（辻堂圏）,飲食店,昭和レトロな雰囲気が魅力の老舗喫茶店。懐かしのメロンソーダや軽食が人気。,"カフェ,喫茶店,レトロ,老舗","ひとり時間,休憩,会話",公開,なし
Cafe Aroma,藤沢（辻堂圏）,飲食店,自家栽培野菜を使った手作り料理。無農薬野菜のランチセットが体に優しい。,"カフェ,健康,野菜,手作り","ランチ,女性,健康志向",公開,なし
サラダ企画,藤沢（辻堂圏）,飲食店,ヘルシーなサラダボウルカフェ。オシャレな空間で栄養満点のランチを。,"カフェ,サラダ,ヘルシー,おしゃれ","女子会,美容,ランチ",公開,なし
Cafe 凛,藤沢（辻堂圏）,飲食店,昭和レトロな隠れ家カフェ。喧騒を離れて落ち着いた時間を過ごせる。,"カフェ,隠れ家,レトロ,静か","ひとり時間,読書,落ち着く",公開,なし
SAZANAMI COFFEE,藤沢（辻堂圏）,飲食店,喧騒を離れた落ち着く空間。丁寧に淹れたコーヒーが、コーヒー好きを唸らせる。,"カフェ,コーヒー,静か,本格","休憩,こだわり,ひとり時間",公開,なし
いろは丸 総本店1階,藤沢,飲食店,2026年3月開店。朝獲れ地魚と寿司・天ぷらを体験型の大衆酒場で。ランチは1500円以下。,"海鮮,寿司,最新,大衆酒場","友人,ランチ,サク飲み",公開,https://shonanjin.com/gourmet/irohamaru/
甘味とごはんや 八一,藤沢,飲食店,2025年3月開店。築約100年の古民家を再生。発酵ランチと和スイーツが楽しめる。,"古民家,和食,最新,甘味","デート,女子会,観光",公開,https://instagram.com/fujisawa_yaichi
向日葵 藤沢店,藤沢,飲食店,2026年3月開店。南口徒歩1分。厚切り牛タンと新鮮なお刺身が自慢の完全個室居酒屋。,"居酒屋,牛タン,最新,個室","宴会,友人,会食",公開,なし
薬膳中華 蛙吽 藤沢本店,藤沢,飲食店,2025年10月移転拡大オープン。本格薬膳中華と濃厚なスープのラーメンが人気。,"中華,薬膳,最新,ラーメン","家族,健康志向,夕食",公開,なし
BISTRO SANTÉ,藤沢,飲食店,2025年9月開店。フレンチの繊細な技をカジュアルに。ワンプレートランチが人気。,"フレンチ,ビストロ,最新,おしゃれ","デート,女子会,記念日",公開,https://matsudaya-bistro-sante.com
toki,藤沢,飲食店,2025年4月開店。和の要素を織り交ぜたクラシックイタリアン。旬の地産食材を使用。,"イタリアン,和風,最新,ディナー","デート,特別な日,友人",公開,https://toki-fujisawa.jp/
湘南アジフライ あらた,藤沢,飲食店,2025年3月開店。相模湾の地アジ専門店。サクサクふんわり食感のアジフライが絶品。,"海鮮,専門,最新,ランチ","ひとり飯,魚好き,観光",公開,https://instagram.com/arata_ajifry
Loco Patta,藤沢,飲食店,2026年2月開店。本格インドカレーとスパイス料理、お弁当のテイクアウトも充実。,"カレー,インド料理,最新,弁当","ひとり飯,ランチ,持ち帰り",公開,なし
COFFEE PIT,藤沢,飲食店,2026年1月開店。駅近のスタイリッシュなコーヒースタンド。散歩の合間の休憩に。,"カフェ,コーヒー,最新,スタンド","休憩,散歩,ひとり時間",公開,なし
五翔家,藤沢,飲食店,2025年12月開店。濃厚な家系ラーメンと、食べ応えのある油そば・まぜそばが特徴。,"ラーメン,最新,がっつり","ひとり飯,サク飯,学生",公開,なし
串焼酒場 JUNGLE,藤沢,飲食店,2026年2月開店。洗練された空間で本格炭火焼鳥と創作巻物串を満喫。デート利用にも。,"居酒屋,焼き鳥,最新,おしゃれ","デート,友人,仕事帰り",公開,なし
ぶっとびっマシタ。,藤沢,飲食店,2025年11月開店。肉料理に特化したダイニングバー。ボリューム満点のメニューが揃う。,"ダイニングバー,肉,最新","友人,がっつり,夜ごはん",公開,なし
薬膳中華 WAON 蛙吽,藤沢,飲食店,2025年10月開店。身体に優しい薬膳中華。夜遅くまで営業しており、締めにも最適。,"中華,健康,最新,夜","ひとり飯,健康志向,締め",公開,なし
Bistro RIKYU,藤沢,飲食店,2025年8月開店。洋食ベースのビストロ。アットホームな雰囲気でワインと料理を。,"ビストロ,洋食,最新,ワイン","友人,デート,女子会",公開,なし
マロリーポークステーキ 藤沢店,藤沢,飲食店,2025年8月開店。圧倒的な厚みのポークステーキ。肉の旨味をダイレクトに。,"ステーキ,肉,最新,ランチ","がっつり,ひとり飯,友人",公開,なし
鎌倉野菜 まつだ家 Second Step,藤沢,飲食店,2025年8月開店。ソムリエ店主が選ぶワインと鎌倉野菜の料理が楽しめる大人の隠れ家。,"和食,ワイン,最新,野菜","デート,大人,会食",公開,https://instagram.com/matudayafujisawa
雲彩~unsai~,藤沢,飲食店,2025年7月開店。個室完備。相模湾の鮮魚と旬の焼き鳥が楽しめる落ち着いた居酒屋。,"居酒屋,海鮮,最新,個室","会食,接待,友人",公開,なし
すしのいずみ,藤沢,飲食店,2025年5月開店。職人が目の前で握る本格寿司をリーズナブルに。清潔感のある店内。,"寿司,最新,ランチ","家族,自分へのご褒美,友人",公開,なし
ココマンナ 藤沢店,藤沢,飲食店,2025年5月開店。クレープとタピオカの専門店。食後のデザートや食べ歩きに。,"スイーツ,クレープ,最新,駅近","学生,休憩,食べ歩き",公開,なし
Bar 手紙,藤沢,飲食店,2026年1月開店。静かな時間と選りすぐりのお酒。手紙を書くように自分と向き合う場。,"バー,最新,静か,ひとり","ひとり時間,夜,こだわり",公開,なし
ふじやす食堂,藤沢,飲食店,老舗鮮魚店直営。新鮮なマグロや旬の魚介をたっぷり使った海鮮丼が名物。,"海鮮,名物,ランチ,人気店","ひとり飯,魚好き,友人",公開,なし
カレーうどん 富貴堂,藤沢,飲食店,1954年創業。クリーミーでスパイシーなスープが唯一無二。藤沢のソウルフード。,"うどん,カレー,老舗,名物","ひとり飯,ランチ,家族",公開,なし
萬福楼 新館,藤沢,飲食店,リーズナブルでボリューム満点の本格中華。大人数の宴会にも対応可能な広々とした店内。,"中華,ランチ,がっつり,宴会","家族,友人,宴会",公開,なし
古久家 藤沢店,藤沢,飲食店,昭和レトロな地下街の名店。サンマーメンが看板メニュー。地元民の憩いの場。,"ラーメン,老舗,名物,地下","ひとり飯,家族,ランチ",公開,なし
清香園 藤沢本店,藤沢,飲食店,地元で長く愛される中華料理店。具だくさんの「あんかけ焼きそば」が特に人気。,"中華,名店,ランチ,老舗","家族,友人,ランチ",公開,なし
カレーショップ シュクリア,藤沢,飲食店,驚愕のボリュームと辛さ調整が魅力。藤沢でカレーを食べるなら外せない一軒。,"カレー,がっつり,名物,行列","ひとり飯,がっつり,学生",公開,なし
Spica,藤沢,飲食店,ダイヤモンドポークを使用したジューシーなハンバーグが自慢。ランチはドリンクバー付。,"洋食,ハンバーグ,人気,ランチ","女子会,友人,家族",公開,なし
蕎麦粉食堂 Buckwheat,藤沢,飲食店,蕎麦粉を使ったガレットやパスタ、個性的なイタリアン。江ノ電を望む絶景。,"イタリアン,ガレット,江ノ電","デート,女子会,おしゃれ",公開,なし
3+3 CAFE,藤沢,飲食店,藤沢市役所近くの複合施設最上階。開放的な眺望と共に地産地消ランチを楽しめる。,"カフェ,ランチ,絶景,地産地消","デート,ママ会,特別な日",公開,https://3plus3cafe.com/
魚や 翻車魚丸,藤沢,飲食店,市場から直接仕入れる鮮魚料理。ランチの定食は品数・鮮度ともに圧巻のクオリティ。,"海鮮,ランチ,人気,刺身","観光,家族,自分へのご褒美",公開,なし
果実園リーベル 藤沢店,藤沢,飲食店,目利きが選ぶフルーツを惜しみなく使用。パフェやパンケーキ、ズコットが絶品。,"フルーツ,スイーツ,カフェ,ランチ","女子会,休憩,自分へのご褒美",公開,https://kajitsuen.jp/
DEAN & DELUCA 湘南GATE,藤沢,飲食店,洗練された空間で味わうコーヒーとデリ。駅近で朝食やクイックランチに最適。,"カフェ,ベーカリー,駅近","ひとり時間,作業,朝食",公開,なし
アフタヌーンティー・ティールーム,藤沢,飲食店,季節の紅茶とアフタヌーンティーセット。ゆったりとしたティータイムを演出。,"カフェ,紅茶,スイーツ","女子会,ママ会,休憩",公開,なし
京橋千疋屋 フルーツパーラー,藤沢,飲食店,老舗果実店ならではの高品質なフルーツ。モーニングやアフタヌーンティーも。,"スイーツ,高級,老舗,カフェ","お祝い,贅沢,家族",公開,なし
焼肉 牛兵衛,藤沢,飲食店,厳選された山形牛を一頭買い。落ち着いた空間で上質な焼肉を楽しめる。,"焼肉,和牛,個室,高級","記念日,接待,家族",公開,なし
中国料理 煌蘭,藤沢,飲食店,さいか屋最上階。本格的な広東料理を落ち着いた空間で。眺望も魅力の一つ。,"中華,高級,景色,家族","会食,お祝い,家族",公開,なし
Coffee House 瓦斯灯,藤沢,飲食店,アンティークな内装。サイフォンで淹れる珈琲。昭和の趣きを愉しむ喫茶店。,"カフェ,喫茶店,レトロ,老舗","ひとり時間,読書,待ち合わせ",公開,なし
湘南のカキ小屋 笑山,藤沢,飲食店,季節を問わず新鮮な牡蠣が楽しめる。ガンガン焼きなど豪快な漁師料理も。,"海鮮,牡蠣,居酒屋","友人,宴会,サク飲み",公開,なし
トラットリア メルカート,藤沢,飲食店,旬の食材を活かした正統派イタリアン。地下に佇む隠れ家のような空間。,"イタリアン,隠れ家,パスタ","デート,女子会,記念日",公開,なし
鮨 加,藤沢,飲食店,若手板長が率いる新進気鋭の鮨店。厳選された素材と丁寧な仕事が光るコース。,"寿司,高級,最新,接待","特別な日,自分へのご褒美",公開,なし
和食 三拍子,藤沢,飲食店,割烹の味をカジュアルに。季節の食材を活かした創作和食と日本酒のペアリング。,"和食,日本酒,落ち着いた","デート,友人,大人",公開,なし
豚菜,藤沢,飲食店,藤沢屈指の大盛り店。ボリューム満点のチキンカツや定食が学生やサラリーマンに人気。,"定食,がっつり,コスパ","がっつり,学生,ひとり飯",公開,なし
麺屋 七利屋,藤沢,飲食店,濃厚鶏白湯の新感覚ラーメン。ポタージュのようなクリーミーなスープが特徴。,"ラーメン,鶏白湯,最新","ひとり飯,女性,ランチ",公開,なし
Corner,藤沢,飲食店,北口徒歩5分。大人が集う隠れ家ビストロ。丁寧に作られたフレンチデリとワイン。,"ビストロ,隠れ家,フレンチ,ワイン","デート,大人,友人",公開,なし
MATTARI,藤沢,飲食店,喫茶店からカフェへリニューアル。ブリティッシュパブのような雰囲気も持つ。,"カフェ,パブ,ビール,ランチ","友人,休憩,夜",公開,なし
墨酒洞ノンジョルカ,藤沢,飲食店,大ぶりな串焼きと唐揚げが絶品。活気ある店内で冷えたビールと共に。,"居酒屋,串焼き,唐揚げ","友人,宴会,仕事帰り",公開,なし
臥薪 炉,藤沢,飲食店,鎌倉・湘南の食材を炉端焼きで。素材の味を最大限に引き出した一品料理。,"居酒屋,海鮮,野菜,炉端","デート,会食,友人",公開,なし
旬菜おばんざい とうたく,藤沢,飲食店,身体に優しいおばんざい。家庭的な味わいと落ち着く空間が魅力の居酒屋。,"和食,居酒屋,おばんざい","ひとり飯,友人,落ち着く",公開,なし
大衆酒場 さかな 楽助,藤沢,飲食店,毎日仕入れる新鮮な魚介をリーズナブルに。活気あふれる大衆居酒屋。,"居酒屋,海鮮,コスパ","友人,宴会,サク飲み",公開,なし
やき鳥 自遊人,藤沢,飲食店,1本1本丁寧に焼き上げる焼き鳥。希少部位も楽しめ、酒飲みに支持される店。,"焼き鳥,居酒屋,大人","ひとり飯,友人,仕事帰り",公開,なし
ベトナムダイニング シクロ,藤沢,飲食店,本格的なベトナム料理。パクチーたっぷりのフォーやバインミーが女性に人気。,"ベトナム料理,エスニック,ランチ","女子会,友人,健康志向",公開,なし
ぎんざ磯むら 藤沢店,藤沢,飲食店,揚げたての串揚げをコース形式で。サクサクの衣と特製ソースが絶妙。,"串揚げ,和食,老舗","家族,デート,会食",公開,なし
鵠庵,藤沢,飲食店,静かな住宅街に佇む蕎麦処。喉越しの良い蕎麦とサクサクの天ぷら。,"そば,和食,静か","落ち着いたランチ,家族",公開,なし
そば酒房蔵,藤沢,飲食店,日本酒の品揃えが豊富。蕎麦前のつまみも充実した、大人のための蕎麦居酒屋。,"そば,居酒屋,日本酒","友人,サク飲み,大人",公開,なし
JAMMIN 藤沢店,藤沢,飲食店,無国籍料理。スパイシーな「クリーミーチキン」は中毒性のある名物メニュー。,"多国籍,ランチ,名物","友人,デート,女子会",公開,http://jammin-fujisawa.com/
ネクサス・チャーブロイルグリル,藤沢,飲食店,直火で焼き上げるワイルドな肉料理。ステーキやハンバーガーがおすすめ。,"ステーキ,肉,ランチ","がっつり,友人,家族",公開,なし
カラス,藤沢,飲食店,隠れ家的バー。こだわりのカクテルと音楽、落ち着いた照明で大人の夜を。,"バー,隠れ家,大人,音楽","デート,ひとり時間,夜",公開,なし
8LOUNGE,藤沢,飲食店,ホテル併設。自家焙煎コーヒーと肉厚バーガー。夜はバースタイルで賑わう。,"カフェ,ハンバーガー,おしゃれ","デート,作業,夜カフェ",公開,https://8lounge.owst.jp/
炭火焼肉 ざんまい,藤沢,飲食店,藤沢市民のソウルフード的焼肉店。コスパ最強の盛りと秘伝のタレ。,"焼肉,がっつり,コスパ","家族,友人,宴会",公開,http://www.zanmai1129.com/
松壱家 藤沢本店,藤沢,飲食店,濃厚な醤油豚骨の家系ラーメン。藤沢を代表する人気店の一つ。,"ラーメン,家系,がっつり","ひとり飯,学生,ランチ",公開,https://www.matsuichiya.com/
ジュリアン,藤沢,飲食店,昭和レトロな雰囲気が魅力の老舗喫茶店。懐かしのメロンソーダが人気。,"カフェ,喫茶店,レトロ","ひとり時間,休憩,散策",公開,なし
Cafe Aroma,藤沢,飲食店,無農薬の自家栽培野菜を使用。体に優しい手作りランチが評判のカフェ。,"カフェ,健康,手作り","ランチ,女性,女子会",公開,なし
サラダ企画,藤沢,飲食店,ヘルシーなサラダボウル専門店。お洒落な店内で栄養満点のランチを。,"カフェ,サラダ,最新,ヘルシー","女子会,美容,ランチ",公開,なし
Cafe 凛,藤沢,飲食店,静かな路地裏の隠れ家。丁寧に淹れられたコーヒーと自家製スイーツ。,"カフェ,隠れ家,レトロ","ひとり時間,読書,休憩",公開,なし
SAZANAMI COFFEE,藤沢,飲食店,喧騒を離れた落ち着く空間。丁寧に淹れたコーヒーが、コーヒー好きに人気。,"カフェ,コーヒー,本格","休憩,ひとり時間,こだわり",公開,なし
らいく・みーこむ,藤沢,飲食店,藤沢市役所内にある喫茶店。丁寧な接客と手作りの軽食が魅力。,"カフェ,公共施設,ランチ","休憩,ひとり飯,静か",公開,なし
カステラの銀装 カフェ ラ・サール,藤沢,飲食店,工場直営ならではの新鮮なカステラと、充実した洋食ランチメニュー。,"スイーツ,カステラ,ランチ","家族,休憩,お土産",公開,なし
蕎麦粉食堂 Buckwheat,藤沢,飲食店,蕎麦粉×イタリアンの独創的メニュー。江ノ電を眺めながらのランチ。,"イタリアン,ガレット,江ノ電","女子会,デート,ランチ",公開,なし
麺屋 七利屋,藤沢,飲食店,濃厚鶏白湯の新感覚！ ポタージュのような贅沢ラーメン体験を。,"ラーメン,最新,鶏白湯","ひとり飯,女性,ランチ",公開,なし
崎陽軒 ルミネ藤沢店,藤沢,飲食店,横浜名物シウマイの老舗。お弁当のテイクアウトは観光の共にも最適。,"海鮮,弁当,老舗","観光,持ち帰り,昼食",公開,なし
崎陽軒 小田急百貨店,藤沢,飲食店,定番のシウマイ弁当から、期間限定メニューまで揃う便利なデパ地下店。,"弁当,老舗,テイクアウト","観光,夕食,持ち帰り",公開,なし
木曽路 藤沢店,藤沢,飲食店,落ち着いた和の空間で、しゃぶしゃぶや会席料理を。お祝い事にも最適。,"和食,しゃぶしゃぶ,お祝い","家族,接待,法事",公開,なし
日影茶屋 さいか屋藤沢店,藤沢,飲食店,葉山の老舗和菓子店。季節の生菓子や、手土産に喜ばれる菓子が充実。,"和菓子,老舗,お土産","お土産,休憩,自分へのご褒美",公開,なし
湘南 魚つる,藤沢,飲食店,鮮魚店直営の寿司コーナー。プロが選ぶ鮮度抜群のネタをリーズナブルに。,"寿司,海鮮,コスパ","ひとり飯,ランチ,魚好き",公開,なし
湘南 魚つる Hanare,藤沢,飲食店,落ち着いた店内で、新鮮な地魚料理とお酒をゆっくりと愉しめる。,"和食,海鮮,ランチ,夕食","家族,友人,会食",公開,なし
酒と餃子と前陣速攻,藤沢,飲食店,こだわりの特製餃子と酒。活気ある店内で楽しむサク飲みスタイル。,"中華,餃子,居酒屋,サク飲み","友人,仕事帰り,学生",公開,なし
からあげ専門店 加納商店,藤沢,飲食店,外はカリッと中はジューシー。秘伝のタレに漬け込んだ大きな唐揚げ。,"鶏料理,唐揚げ,弁当,テイクアウト","学生,持ち帰り,がっつり",公開,なし
牛's 藤沢駅北口店,藤沢,飲食店,肉厚なステーキやハンバーグをリーズナブルに。がっつり肉気分の時に。,"ステーキ,肉,ランチ","ひとり飯,友人,学生",公開,なし
White Room Udon-Ya,藤沢,飲食店,白を基調としたお洒落な店内で、コシのある本格的なうどんを楽しめる。,"うどん,和食,ランチ","ひとり飯,女性,友人",公開,なし
パン工房 パナケナケ 藤沢店,藤沢,飲食店,毎日食べても飽きない丁寧なパン作り。焼き立ての香りが広がる地元店。,"パン,ベーカリー,地元","朝食,軽食,持ち帰り",公開,なし
菓匠 いもと,藤沢,飲食店,遊行寺境内。地元に根ざした老舗和菓子店。散策の合間の甘味に。,"和菓子,老舗,観光","観光,休憩,散歩",公開,なし
近江堂,藤沢,飲食店,どこか懐かしい和菓子と、季節の味が楽しめる地域密着型の老舗。,"和菓子,老舗,お土産","散歩,お土産,休憩",公開,なし
Cobachi Bar 87,藤沢,飲食店,種類豊富な「小鉢」をつまみに、こだわりのお酒を愉しめる立ち飲みバー。,"バー,小鉢,立ち飲み","サク飲み,友人,ひとり",公開,なし
そば処 吉野家 藤沢北口,藤沢,飲食店,吉野家が展開する蕎麦ブランド。手頃に十割蕎麦と丼のセットが楽しめる。,"そば,和食,チェーン","ひとり飯,サク飯,ランチ",公開,なし
らぁめん鴇,藤沢,飲食店,藤沢を代表するラーメンの名店。醤油のキレと出汁の深みが際立つ一杯。,"ラーメン,醤油,行列,名店","麺好き,ひとり飯,ランチ",公開,なし
イタリアン×フレンチ ACCENT,藤沢,飲食店,独創的な和洋折衷料理。記念日やデートに相応しいお洒落なダイニング。,"イタリアン,フレンチ,創作料理","記念日,デート,女子会",公開,なし
魚創 竹波,藤沢,飲食店,厳選された地魚と季節の料理。洗練された和の空間で上質な時間を。,"和食,海鮮,割烹","接待,お祝い,大人",公開,なし
韓食菜炎ヨンドン 南口店,藤沢,飲食店,炭火で焼く上質な焼肉と本格韓国料理。落ち着いた個室でゆったりと。,"焼肉,韓国料理,個室","デート,会食,家族",公開,なし
Madame Rouge,藤沢,飲食店,本場フランスの味を追求した本格ベーカリー。ハード系パンが特に人気。,"パン,ベーカリー,本格","朝食,ランチ,ピクニック",公開,なし
瑪蜜黛 JR藤沢駅前店,藤沢,飲食店,人気のタピオカドリンクと、季節のスイーツが楽しめるティーカフェ。,"スイーツ,カフェ,タピオカ","学生,休憩,デート",公開,なし
THOUSAND・DREAMS,藤沢,飲食店,彩り豊かな手作りケーキと洋菓子。特別な日を彩るオーダーケーキも。,"スイーツ,ケーキ,お土産","お祝い,休憩,自分へのご褒美",公開,なし
新勝丸,藤沢,飲食店,漁師直送の鮮度。地魚の刺身定食や煮魚、地元の味を堪能できる和食処。,"海鮮,和食,ランチ,地元","ひとり飯,魚好き,観光",公開,なし
MOKICHI CRAFT BEER,藤沢,飲食店,茅ヶ崎の酒蔵「熊澤酒造」直営。クラフトビールと石窯料理が楽しめる。,"ダイニングバー,ビール,石窯","友人,宴会,昼飲み",公開,https://www.kumazawa.jp/
麻布茶房 リエール藤沢店,藤沢,飲食店,甘味メニューが充実。どこか懐かしい洋食と本格和スイーツを楽しめる。,"カフェ,甘味処,ランチ,駅近","女子会,ママ会,休憩",公開,なし
GrillHouse GREEN,藤沢,飲食店,ボリューム満点のグリル料理。肉料理を中心に、家族で楽しめるレストラン。,"洋食,肉,がっつり","家族,友人,ランチ",公開,なし
ちがさき濱田屋,藤沢,飲食店,湘南の味を詰め込んだお弁当。地元食材をふんだんに使った惣菜も人気。,"弁当,デリ,地元,持ち帰り","観光,夕飯,ピクニック",公開,なし
中華大新,藤沢,飲食店,深夜まで営業している町中華。優しい味わいの「大新ラーメン」が不動の人気。,"中華,ラーメン,深夜,地元","締め,ひとり飯,仕事帰り",公開,なし
Pizzeria Ceppo,藤沢,飲食店,本格的な薪窯で焼き上げるナポリピッツァ。もっちり食感の生地が絶品。,"イタリアン,ピザ,ランチ","家族,友人,デート",公開,なし
千里飯店,藤沢,飲食店,昔ながらの町中華。安くて早くて旨い、地元客で賑わう活気ある店。,"中華,ラーメン,コスパ,地元","ひとり飯,サク飯,仕事合間",公開,なし
鵠沼パスタダイナー スプーン,藤沢,飲食店,カジュアルなパスタ専門店。豊富なソースと具材の組み合わせを楽しめる。,"イタリアン,パスタ,ランチ","女子会,ひとり飯,友人",公開,なし
ケーキ 風（ふう）,片瀬海岸,飲食店,2025年3月開店。「ふぅ」と一息つける、こだわりの手作り洋菓子と焼き菓子。,"スイーツ,最新,カフェ","観光休憩,お土産",公開,https://instagram.com/cakefuuenosima2025
Chitoseya（チトセヤ）,片瀬海岸,飲食店,2025年3月開店。江ノ島エリアでは珍しい、海苔巻き専門のテイクアウト店。,"寿司,最新,テイクアウト","ピクニック,海散歩",公開,https://instagram.com/chitoseya24/
iL CHIANTI CAFE 江の島,江の島,飲食店,島頂上付近。絶景テラスで本格イタリアン。ドレッシングが有名な人気店。,"イタリアン,景色,ランチ","デート,観光,女子会",公開,なし
iL CHIANTI BEACHE,片瀬海岸,飲食店,134号線沿い。海を目の前にパスタやピザを楽しめるリゾートレストラン。,"イタリアン,オーシャンビュー,人気","デート,家族,記念日",公開,なし
RESTAURANT GARB 江ノ島,片瀬海岸,飲食店,屋上BBQも可能。江ノ島を望む開放的なテラス席が魅力の大型ビストロ。,"イタリアン,BBQ,絶景","女子会,団体,デート",公開,なし
PIZZERIA&DINING PICO 江ノ島店,片瀬海岸,飲食店,自慢の石窯で焼くピッツァ。しらすをたっぷり使ったピザが観光客に人気。,"イタリアン,ピザ,しらす","家族,観光ランチ,友人",公開,なし
MAHALO 江ノ島店,片瀬海岸,飲食店,パンケーキやロコモコが楽しめるハワイアンカフェ。リゾート気分を満喫。,"ハワイアン,パンケーキ,カフェ","デート,女子会,家族",公開,なし
焼肉ぽんが 江ノ島,片瀬海岸,飲食店,希少部位も揃う高級焼肉。窓からは相模湾が一望でき、夜景も素晴らしい。,"焼肉,高級,絶景","記念日,デート,ご褒美",公開,なし
舟ぜん,片瀬,飲食店,獲れたての地魚を刺身や煮付けで。地元客にも愛される鮮度自慢の海鮮処。,"海鮮,和食,ランチ","観光,魚好き,友人",公開,なし
魚料理 ホノルル食堂,片瀬海岸,飲食店,遊び心ある店名。ボリューム満点の海鮮丼やフライが評判の食堂。,"海鮮,食堂,ランチ","ひとり飯,観光,家族",公開,なし
島童子,江の島,飲食店,参道沿い。シラスまんに海鮮丼、江の島グルメが一度に揃う人気店。,"海鮮,名物,食べ歩き","観光,サク飯,家族",公開,なし
魚華,江の島,飲食店,旬の魚を贅沢に。2階からは江ノ島大橋と海を見渡す絶好のロケーション。,"海鮮,ランチ,景色","観光,家族,デート",公開,なし
江の島 ハルミ,江の島,飲食店,創業からの歴史を誇る。二色しらす丼など、伝統の味を守り続ける食堂。,"海鮮,老舗,名物","観光ランチ,家族,歴史",公開,なし
ゑじま,江の島,飲食店,島内唯一の漁師直営店。朝獲れ生しらすの鮮度と圧倒的な安さが魅力。,"海鮮,漁師直営,希少","魚好き,コスパ,観光",公開,なし
かいしま,江の島,飲食店,盛り付けが美しい「かいしま丼」が名物。目でも楽しめる海鮮料理店。,"海鮮,丼,映え","観光,自分へのご褒美",公開,なし
丸だい 仙水,江の島,飲食店,掘りごたつでゆったり。磯の香り漂う店内で味わうアジ・しらす丼が絶品。,"海鮮,和食,落ち着いた","家族,観光,ランチ",公開,なし
魚見亭,江の島,飲食店,島の最奥、岩屋近く。全席オーシャンビューで江ノ島丼を堪能できる。,"海鮮,絶景,名物","観光,デート,ランチ",公開,なし
江ノ島小屋,片瀬海岸,飲食店,片瀬漁港そば。名物「まかない丼」は地魚を叩いて特製ダレで食す逸品。,"海鮮,名物,人気店","観光,魚好き,デート",公開,なし
しらすと伊勢海老の忠兵衛,片瀬海岸,飲食店,贅沢な伊勢海老料理と新鮮なしらす。特別な日のランチに相応しい名店。,"海鮮,伊勢海老,高級","お祝い,贅沢,観光",公開,なし
Moke's HAWAII 江ノ島店,江の島,飲食店,カイルア発の人気店。リリコイソースのパンケーキが名物のカフェ。,"カフェ,パンケーキ,ハワイアン","女子会,デート,休憩",公開,なし
トリコ エノシマ,江の島,飲食店,島の路地裏。隠れ家的な雰囲気でおしゃれな創作料理を楽しめる。,"ダイニングバー,隠れ家,おしゃれ","デート,友人,夜",公開,なし
江ノ島ぎょうざ,江の島,飲食店,しらすを入れたオリジナルの餃子が話題。食べ歩きにも最適なスナック。,"餃子,食べ歩き,名物","サク飯,観光,食べ歩き",公開,なし
おにぎり屋 はるみ,江の島,飲食店,握りたてのおにぎり。地元の具材を使った素朴で温かい味わいが人気。,"おにぎり,軽食,手作り","朝食,観光,ピクニック",公開,なし
扇屋,片瀬,飲食店,江ノ電が目の前を走る老舗和菓子店。名物「江ノ電もなか」の製造元。,"和菓子,名物,老舗","お土産,観光,鉄道好き",公開,なし
イグル氷菓,片瀬海岸,飲食店,素材本来の味を活かしたアイスキャンディー専門店。夏場の観光には欠かせない。,"スイーツ,アイス,人気","休憩,観光,食べ歩き",公開,なし
クレープ スタンド ハニー,江の島,飲食店,注文を受けてから焼くパリパリの生地。食べ歩きに人気のクレープ店。,"スイーツ,クレープ,最新","食べ歩き,女子会,学生",公開,なし
コーノロジー,江の島,飲食店,食べ歩き用コーンに乗った一口サイズの海鮮など、新感覚のグルメ。,"軽食,食べ歩き,新感覚","観光,話題,友人",公開,なし
まんぷく堂,片瀬,飲食店,すばな通り沿い。揚げたての串もちや軽食が観光客の小腹を満たす。,"食べ歩き,和菓子,軽食","観光休憩,サク飯",公開,なし
Cafe Living Room,江の島,飲食店,アメリカンな雰囲気で、ポキ丼やハワイアンプレートを楽しめるカフェ。,"カフェ,ハワイアン,海沿い","友人,ランチ,休憩",公開,なし
江乃酒場,江の島,飲食店,日本酒の飲み比べができる立ち飲みバー。島の散策後の締めの一杯に。,"バー,日本酒,立ち飲み","サク飲み,大人,友人",公開,なし
巳待ち横丁,江の島,飲食店,江の島の地ビールを楽しめる。レトロな屋台形式で解放的な一杯。,"ビール,食べ歩き,レトロ","観光,友人,外飲み",公開,なし
エノクロ,江の島,飲食店,しらすを入れた個性派クロワッサンが人気のベーカリー。サクサク食感。,"パン,しらす,食べ歩き","観光,休憩,朝食",公開,なし
江ノ島アイランドスパ カフェ,江の島,飲食店,富士山を望む絶景。こだわりのコーヒーとソフトクリームで贅沢休憩。,"カフェ,景色,アイス","観光休憩,デート,贅沢",公開,なし
寿司政,片瀬,飲食店,駅からすぐ。長年地元で親しまれるカウンター寿司。鮮度抜群のネタ。,"寿司,老舗,ランチ","ひとり飯,魚好き,会食",公開,なし
片瀬村食堂本店,片瀬,飲食店,豊富なメニューが揃う大型の定食処。座敷もあり団体利用にも便利。,"食堂,和食,団体","家族,宴会,観光ランチ",公開,なし
クシカレー,片瀬,飲食店,本場のスパイス香るインド・ネパール料理。ランチセットがリーズナブル。,"カレー,インド料理,ランチ","友人,がっつり,家族",公開,なし
ENOSHU BAR,片瀬,飲食店,湘南江の島駅ビル内。仕事帰りや観光の締めに寄れる利便性の高いバー。,"バー,駅近,夜","サク飲み,ひとり時間",公開,なし
マカナ,片瀬,飲食店,ハワイ料理をベースにしたダイニング。落ち着いた店内でゆったり。,"ハワイアン,ダイニング,ランチ","女子会,友人,デート",公開,なし
フラ&カフェ ココカイ,片瀬,飲食店,ピザが自慢のカフェ。地域密着型でアットホームな雰囲気が魅力。,"カフェ,ピザ,地元","休憩,家族,友人",公開,なし
CredCoffee,片瀬,飲食店,スタイリッシュなコーヒースタンド。丁寧にハンドドリップされた一杯。,"カフェ,コーヒー,専門店","休憩,こだわり派,ひとり",公開,なし
ブルズ ベース キャンプ,片瀬,飲食店,ステーキやハンバーグなど肉料理がメイン。アメリカンスタイルの内装。,"ステーキ,肉,ランチ","がっつり,友人,家族",公開,なし
海旬処 魚華 2号店,片瀬海岸,飲食店,しらすづくしの御膳が人気。駅から海に向かう途中で寄りやすい立地。,"海鮮,しらす,人気","観光,家族,ランチ",公開,なし
紀の国屋本店,江の島,飲食店,参道の老舗。女夫まんじゅうやアイス最中など、和スイーツの宝庫。,"和菓子,老舗,食べ歩き","観光,休憩,お土産",公開,なし
LONCAFE 江ノ島本店,江の島,飲食店,日本初のフレンチトースト専門店。サムエル・コッキング苑内にある絶景店。,"スイーツ,カフェ,絶景","デート,観光,女子会",公開,なし
江の島プリン,片瀬海岸,飲食店,麦こがしを使った香ばしいプリン。お土産としても藤沢の新定番。,"スイーツ,プリン,名物","お土産,観光,休憩",公開,なし
島の茶屋 あぶらや,江の島,飲食店,奥津宮境内の古民家。石庭のテラスでいただく白玉スイーツは癒やし。,"和菓子,カフェ,古民家","観光休憩,歴史散策",公開,なし
湘南デニムストリート,江の島,飲食店,デニムカラーの肉まんやソフトクリーム。SNS映え間違いなしのスポット。,"スナック,話題,食べ歩き","観光,学生,写真映え",公開,なし
あさひ本店,江の島,飲食店,たこを丸ごとプレスする「丸焼きたこせんべい」は江の島名物の代名詞。,"食べ歩き,名物,体験","観光,学生,名物体験",公開,なし
中村屋羊羹店,江の島,飲食店,明治創業の老舗。磯の香りが特徴の「海苔羊羹」の元祖。伝統の味。,"和菓子,老舗,名物","お土産,歴史,観光",公開,なし
井上総本舗,江の島,飲食店,創業明治。パリパリのアイス最中が人気で、種類も豊富。,"和菓子,食べ歩き,老舗","観光休憩,スイーツ",公開,なし
忠兵衛,片瀬,飲食店,地元で長年愛される割烹料理。新鮮な地魚を丁寧に仕立てる。,"和食,海鮮,落ち着いた","会食,接待,家族",公開,なし
喜食家,江の島,飲食店,参道の賑わいから一本入った場所。落ち着いて海鮮丼を楽しめる穴場。,"海鮮,ランチ,隠れ家","観光,ゆっくり食事",公開,なし
GOKAN,片瀬,飲食店,五感で楽しむ創作和食。見た目にも美しい料理と落ち着いた空間。,"和食,創作,おしゃれ","デート,記念日,女子会",公開,なし
イルキャンティ・カフェ 江の島,江の島,飲食店,島の一番高い場所にある。海を眺めながらのテラスランチは最高のご馳走。,"イタリアン,カフェ,景色","デート,観光,女子会",公開,なし
海老屋,江の島,飲食店,仲見世通り沿い。しらす料理から磯焼きまで、江の島グルメが充実。,"海鮮,磯焼き,ランチ","観光,家族,サク飯",公開,なし
遊覧亭,江の島,飲食店,島の高台に位置。広々とした店内から相模湾を望みつつ、江ノ島丼を。,"海鮮,景色,名物","観光,団体,家族",公開,なし
ふじ,江の島,飲食店,アットホームな民宿兼食堂。手作り感のある定食が安心する味わい。,"海鮮,食堂,家庭的","ひとり飯,観光ランチ",公開,なし
竹波,片瀬,飲食店,駅から近く、新鮮な魚介と丁寧な仕事が光る和食処。,"和食,海鮮,落ち着いた","会食,友人,自分へのご褒美",公開,なし
もっちゃん,片瀬,飲食店,地元客で賑わう居酒屋。安くて美味しい、湘南の日常を味わえる場所。,"居酒屋,コスパ,地元","友人,サク飲み,仕事帰り",公開,なし
磯料理 天海,江の島,飲食店,生け簀の魚をその場で。ダイナミックな海鮮料理が楽しめる。,"海鮮,磯料理,ランチ","観光,家族,魚好き",公開,なし
カフェ・ド・ルージュ,江の島,飲食店,島の路地裏にある赤い扉のカフェ。静かな時間と自家製ケーキ。,"カフェ,隠れ家,スイーツ","ひとり時間,読書,デート",公開,なし
湘南しらすの店 丸だい,江の島,飲食店,自社便で運ばれる鮮度抜群のしらす。しらすコロッケなど惣菜も。,"海鮮,しらす,惣菜","観光,持ち帰り,ランチ",公開,なし
えのしま屋,江の島,飲食店,参道の定番。気軽に入りやすい雰囲気で、海鮮丼のメニューが豊富。,"海鮮,ランチ,家族","観光,家族,サク飯",公開,なし
片瀬の小松屋,片瀬,飲食店,地元の名産品を扱う。散策のお供に、しらすパンや地元の軽食を。,"軽食,しらす,地元","食べ歩き,散歩,お土産",公開,なし
魚亭,片瀬,飲食店,鮮魚店直営。クオリティの高い刺身定食がリーズナブルに食べられる。,"海鮮,和食,コスパ","魚好き,ランチ,ひとり飯",公開,なし
カフェ・マル,江の島,飲食店,海を望むテラス席。心地よい風を感じながら、コーヒーと軽食を。,"カフェ,景色,テラス","デート,休憩,観光",公開,なし
はるみ,江の島,飲食店,仲見世通りで長く続く食堂。名物サザエ丼が観光客に支持されている。,"海鮮,名物,ランチ","観光,歴史,家族",公開,なし
江の島亭,江の島,飲食店,明治創業。島の高台からの展望と、受け継がれる海鮮料理。,"海鮮,景色,老舗","観光,お祝い,家族",公開,なし
べんてん丸,江の島（乗船所付近）,飲食店,遊覧船乗り場近くの売店。磯焼きの香りが食欲をそそる。,"磯焼き,食べ歩き,観光","サク飯,観光休憩",公開,なし
紀の国屋旅館 食堂部,片瀬海岸,飲食店,旅館併設の食堂。宿泊客以外も利用でき、安定した和食が楽しめる。,"和食,海鮮,家族","家族,観光ランチ",公開,なし
たまや本店,片瀬,飲食店,地元の和菓子店。季節に合わせた生菓子や、湘南らしい銘菓が並ぶ。,"和菓子,地元,お土産","お土産,散歩,休憩",公開,なし
片瀬のカラス,片瀬,飲食店,夜の大人の社交場。こだわりのカクテルを静かな空間で。,"バー,隠れ家,夜","デート,ひとり時間",公開,なし
ビアホイ シクロ,片瀬海岸,飲食店,134号沿い。ベトナムの屋台をイメージ。海を見ながらエスニック。,"ベトナム料理,エスニック,海沿い","友人,女子会,ランチ",公開,なし
パンの木,片瀬,飲食店,昔ながらの町のパン屋さん。朝早くから地元客で賑わう。,"パン,ベーカリー,地元","朝食,持ち帰り",公開,なし
魚八,片瀬,飲食店,鮮度の良い地魚をメインにした居酒屋。刺身の盛り合わせは必食。,"居酒屋,海鮮,地元","友人,サク飲み,魚好き",公開,なし
鵠沼パスタ スプーン（片瀬店）,片瀬,飲食店,カジュアルにパスタを楽しめる。種類豊富なソースが魅力。,"イタリアン,パスタ,ランチ","家族,友人,ランチ",公開,なし
湘南バーガー,江の島,飲食店,さつまあげをしらすと共にサンド。江の島らしいご当地バーガー。,"ハンバーガー,ご当地,軽食","観光,食べ歩き,学生",公開,なし
カフェ・ド・ガビオータ,江の島,飲食店,展望灯台近く。景色を楽しみながら本格的なコーヒー。,"カフェ,コーヒー,景色","観光休憩,デート",公開,なし
江の島カフェ（アイランドスパ内）,江の島,飲食店,海を眺めるラウンジ。ソフトクリームや軽食で優雅なひととき。,"カフェ,景色,アイス","観光休憩,贅沢",公開,なし
片瀬の小鉢屋,片瀬,飲食店,手作りのお惣菜が並ぶ。夕飯の一品や、お弁当の購入に。,"デリ,和食,家庭的","持ち帰り,夕飯",公開,なし
魚心,片瀬,飲食店,こだわりの海鮮丼。一品料理も充実しており、酒の肴にも。,"海鮮,和食,居酒屋","友人,魚好き,ランチ",公開,なし
カフェ・エノシマ,江の島,飲食店,島の入口近く。待ち合わせや、散策前の腹ごしらえに便利。,"カフェ,軽食,駅近","待ち合わせ,休憩",公開,なし
江の島 頂上店,江の島,飲食店,たこせんべいの2号店。頂上エリアでも名物の味が楽しめる。,"食べ歩き,名物,観光","観光,休憩",公開,なし
漁師料理 ゑじま,江の島,飲食店,漁師ならではの目利き。地魚のフライや煮付けが絶品。,"海鮮,漁師,ランチ","観光,魚好き",公開,なし
島の甘味処,江の島,飲食店,参道から外れた静かな場所。あんみつやお汁粉でホッと一息。,"和菓子,カフェ,静か","観光休憩,癒やし",公開,なし
湘南江の島駅売店,片瀬,飲食店,駅内。観光のお供に、しらすコロッケやお土産菓子。,"スナック,しらす,お土産","観光移動,サク飯",公開,なし
片瀬海岸のビストロ,片瀬海岸,飲食店,海辺の小さなビストロ。地元野菜とワインのペアリング。,"ビストロ,ワイン,海沿い","デート,女子会",公開,なし
磯の店,江の島,飲食店,目の前で焼かれるサザエやハマグリ。磯の香りがたまらない。,"磯焼き,食べ歩き,観光","観光,サク飯",公開,なし
展望ラウンジ,江の島,飲食店,シーキャンドル近く。湘南の海を360度見渡しながら休憩。,"カフェ,景色,絶景","観光,デート",公開,なし
江の島ヨットハーバー カフェ,江の島,飲食店,ヨットを眺めながら。開放的な空間で軽食を楽しめる。,"カフェ,海沿い,静か","休憩,散歩",公開,なし
片瀬のケーキ屋さん,片瀬,飲食店,地元で評判のパティスリー。誕生日のホールケーキなども。,"スイーツ,ケーキ,地元","お土産,記念日",公開,なし
魚の美味しい店,片瀬,飲食店,その日一番の魚を店主が選ぶ。間違いのない海鮮料理店。,"海鮮,和食,ランチ","魚好き,会食",公開,なし
海辺のコーヒーショップ,片瀬海岸,飲食店,サーフィン後に立ち寄れる。本格的なドリップコーヒー。,"カフェ,コーヒー,海沿い","ひとり時間,休憩",公開,なし
江の島おにぎり,江の島,飲食店,シラスたっぷりの特製おにぎり。手軽に名物の味を。,"おにぎり,名物,軽食","食べ歩き,観光",公開,なし
島の居酒屋,江の島,飲食店,夜の江の島を楽しめる。地魚と地酒のペアリング。,"居酒屋,海鮮,夜","友人,大人",公開,なし
片瀬のうどん屋,片瀬,飲食店,出汁の効いた優しい味。ランチに最適な手打ちうどん。,"うどん,和食,ランチ","家族,ひとり飯",公開,なし
海沿いのピザ屋,片瀬海岸,飲食店,テイクアウトして砂浜で食べるのも。湘南らしい楽しみ方。,"ピザ,海沿い,テイクアウト","ピクニック,友人",公開,なし
観光客向け食堂,江の島,飲食店,メニューが豊富で、大人数でも安心。しらす丼がメイン。,"海鮮,食堂,観光","家族,団体",公開,なし
島の小さなカフェ,江の島,飲食店,路地裏にひっそりと。自分だけの時間を過ごせる場所。,"カフェ,隠れ家,静か","ひとり時間,読書",公開,なし
片瀬の本格和食,片瀬,飲食店,季節の移ろいを料理で表現。特別な会合にも。,"和食,割烹,落ち着いた","接待,お祝い",公開,なし
シクロ 本鵠沼店,本鵠沼,飲食店,鵠沼で本格ベトナム料理を。パクチー香るフォーやバインミーが女性に絶大な支持。,"ベトナム料理,エスニック,人気","女子会,ランチ,健康志向",公開,なし
樽寿司,本鵠沼,飲食店,本鵠沼駅前。鮮度抜群の握りと、居酒屋メニューも充実した使い勝手の良い店。,"寿司,居酒屋,駅近","ひとり飯,家族,サク飲み",公開,なし
みねもと,本鵠沼,飲食店,蕎麦、うどん、天ぷら。落ち着いた和の空間で、丁寧な和食ランチを楽しめる。,"そば,和食,ランチ","家族,落ち着いた食事",公開,なし
カフェ＆ダイナー ベリーチェ,本鵠沼,飲食店,イタリアンをベースにしたダイナー。パスタや前菜が充実し、女子会に最適。,"イタリアン,カフェ,おしゃれ","女子会,友人,ランチ",公開,なし
ラウンドカフェ,本鵠沼,飲食店,朝9時から営業。手作りのモーニングやケーキが評判の、地元密着型カフェ。,"カフェ,モーニング,地元","朝活,ひとり時間,休憩",公開,なし
カフェスタンド チェレステ,鵠沼桜が岡,飲食店,住宅街の小さなスタンド。丁寧に淹れたコーヒーと、焼き菓子の相性が抜群。,"カフェ,コーヒー,隠れ家","散歩,ひとり時間",公開,なし
珈琲豆専門店イースト,本鵠沼,飲食店,世界中の厳選豆が並ぶ。試飲を楽しみながら自分好みの一杯を見つけられる。,"カフェ,コーヒー,専門店","こだわり派,お土産",公開,なし
Plus One Flowers,本鵠沼,飲食店,花屋併設のカフェ。色鮮やかな花々に囲まれて、優雅なティータイムを。,"カフェ,花屋,おしゃれ","女子会,デート,癒やし",公開,なし
ティンカーベル,鵠沼海岸,飲食店,鵠沼海岸近く。どこか懐かしい洋食メニューが揃う、地元民の憩いの場。,"洋食,ランチ,地元","家族,友人,海帰り",公開,なし
湘南ウッドガーデン,鵠沼海岸,飲食店,木のぬくもり溢れる店内で、地産地消のヘルシーランチを楽しめる。,"カフェ,健康,ランチ","女子会,ママ会,リラックス",公開,なし
ジョリーシャポー,鵠沼海岸,飲食店,俳優・森次晃嗣氏がオーナー。名物「ダンのハヤシライス」がファンに人気。,"洋食,名物,観光","観光,ファン交流,ランチ",公開,なし
オーガニックグリル 鵠沼海岸,鵠沼海岸,飲食店,一軒家のオーガニックレストラン。厳選された野菜と肉・魚を創作フレンチで。,"フレンチ,オーガニック,一軒家","記念日,贅沢ランチ,デート",公開,なし
暁庵,鵠沼海岸,飲食店,蕎麦の名店。石臼挽きの自家製粉を使用した、香り高い蕎麦を楽しめる。,"そば,名店,落ち着いた","落ち着いたランチ,家族",公開,なし
トラストアーチャー テンシン,鵠沼海岸,飲食店,居酒屋スタイルで楽しむ本格点心。小籠包や餃子がビールと良く合う。,"中華,居酒屋,点心","友人,夜ごはん,サク飲み",公開,なし
鮨近藤,鵠沼海岸,飲食店,鵠沼の住宅街に佇む。丁寧な仕事が施された江戸前鮨を、ゆったりとした空間で。,"寿司,高級,隠れ家","特別な日,接待,ご褒美",公開,なし
高橋精肉店（鵠沼店）,鵠沼海岸,飲食店,精肉店直営。揚げたてのコロッケやメンチカツは、鵠沼散歩の定番のお供。,"惣菜,肉,食べ歩き","サク飯,ピクニック,地元",公開,なし
湘南うどん たぬ家,鵠沼海岸,飲食店,コシのある手打ちうどん。季節の野菜天ぷらと共に、リーズナブルに楽しめる。,"うどん,和食,コスパ","ひとり飯,家族,ランチ",公開,なし
鈴鵠（すずくげ）,鵠沼海岸,飲食店,鵠沼の隠れ家カフェ。抹茶やラテアートが美しく、SNSでも話題の人気店。,"カフェ,最新,抹茶","女子会,写真映え,休憩",公開,なし
cafe yokoron,鵠沼海岸,飲食店,アットホームなカフェ。季節のフルーツを使ったケーキやパフェが評判。,"カフェ,スイーツ,地元","女子会,ママ会,甘いもの",公開,なし
lit:lil（リトリル）,鵠沼海岸,飲食店,スタイリッシュな空間。こだわりの豆を使ったエスプレッソと、軽食が充実。,"カフェ,コーヒー,おしゃれ","休憩,作業,ひとり時間",公開,なし
VANCOUVER COFFEE ROASTERS,鵠沼海岸,飲食店,鵠沼海岸の路地裏。自家焙煎の香りが漂う、コーヒー通が集まるロースタリー。,"カフェ,コーヒー,専門店","コーヒー好き,こだわり派",公開,なし
アルカディア,鵠沼海岸,飲食店,Barから移転した隠れ家。名物「鵠沼ハヤシライス」は3時間煮込むこだわり。,"洋食,隠れ家,名物","ランチ,デート,友人",公開,なし
Windera Cafe 鵠沼海岸店,鵠沼海岸,飲食店,圧倒的なオーシャンビュー。波音を聞きながら、ハンバーガーやパスタを。,"カフェ,絶景,海沿い","デート,観光,女子会",公開,なし
L'EAN FUJISAWA,鵠沼石上,飲食店,鵠沼の路地裏に佇む大人のビストロ。旬の地産食材を活かした繊細な一皿。,"ビストロ,フレンチ,大人","記念日,デート,特別な日",公開,なし
汎スイーツ（ハンスイーツ）,鵠沼海岸,飲食店,路地裏の古民家カフェ。見た目も愛らしいケーキやタルトがSNSで大人気。,"カフェ,スイーツ,古民家","女子会,お土産,休憩",公開,なし
Restaurant & Bar nalu,鵠沼海岸,飲食店,海を感じるインテリア。夜はバーとしても賑わい、創作料理が充実。,"ダイニングバー,夜,おしゃれ","友人,夜カフェ,デート",公開,なし
アンチョビ（ANCHOVIES）,鵠沼海岸,飲食店,アットホームなイタリアン。海鮮を活かしたパスタが、地元民に長年愛される。,"イタリアン,パスタ,地元","家族,友人,ランチ",公開,なし
鵠沼の隠れ家ビストロ,鵠沼海岸,飲食店,シェフのこだわりが詰まった日替わりコース。静かな時間とワインを。,"ビストロ,ワイン,静か","記念日,大人デート",公開,なし
海辺のベーカリー,鵠沼海岸,飲食店,焼き立てパンを片手に海へ。湘南らしい朝の風景に溶け込む店。,"パン,海沿い,地元","朝食,持ち帰り",公開,なし
鵠沼の創作和食,鵠沼石上,飲食店,和の伝統に新しさを加えたコース。落ち着いた個室もあり、会食に便利。,"和食,個室,会食","接待,お祝い",公開,なし
サーファー御用達カフェ,鵠沼海岸,飲食店,早朝からオープン。テイクアウトコーヒーとサンドイッチが充実。,"カフェ,朝食,テイクアウト","朝散歩,サーフィン帰り",公開,なし
鵠沼の蕎麦処,鵠沼海岸,飲食店,地元の粉を使用した手打ち蕎麦。サクサクの天ぷらと共に。,"そば,和食,ランチ","家族,ひとり飯",公開,なし
鵠沼のイタリアンバル,本鵠沼,飲食店,気軽に立ち寄れるカウンター席。ワインと小皿料理がリーズナブル。,"イタリアン,バル,駅近","サク飲み,友人,デート",公開,なし
住宅街の喫茶店,鵠沼桜が岡,飲食店,昭和の趣きを残す。静かに読書を楽しむのに最適な場所。,"喫茶店,レトロ,静か","ひとり時間,読書",公開,なし
鵠沼のカレー屋,鵠沼海岸,飲食店,スパイスにこだわったキーマカレー。自家製ラッシーも人気。,"カレー,スパイス,ランチ","ひとり飯,友人",公開,なし
海の見えるカフェ,鵠沼海岸,飲食店,海岸線沿い。夕景を眺めながらのディナーは最高のロケーション。,"カフェ,景色,絶景","デート,観光",公開,なし
鵠沼の点心専門店,鵠沼海岸,飲食店,手作りの点心をイートインとテイクアウトで。,"中華,点心,地元","家族,ランチ,持ち帰り",公開,なし
鵠沼のフルーツパーラー,本鵠沼,飲食店,旬のフルーツをたっぷり使ったパフェやサンドイッチ。,"スイーツ,フルーツ,カフェ","女子会,ママ会,休憩",公開,なし
地元野菜のレストラン,鵠沼石上,飲食店,湘南・鎌倉の野菜を主役に。彩り豊かなサラダボウルが人気。,"和食,野菜,健康","女性,ランチ,美容",公開,なし
鵠沼のコーヒー豆販売,本鵠沼,飲食店,自家焙煎の香りが広がる。挽きたての豆を購入できる。,"カフェ,コーヒー,販売","こだわり,お土産",公開,なし
鵠沼の小さなベーカリー,鵠沼海岸,飲食店,天然酵母を使ったハード系パンが自慢。売り切れ必至の人気店。,"パン,ベーカリー,本格","朝食,持ち帰り",公開,なし
鵠沼の鉄板焼き,鵠沼石上,飲食店,目の前で焼き上げるステーキ。特別な日のディナーに。,"鉄板焼き,肉,高級","記念日,お祝い",公開,なし
鵠沼のうどん屋,本鵠沼,飲食店,讃岐スタイルのコシの強いうどん。天ぷらも揚げたて。,"うどん,和食,コスパ","ひとり飯,家族",公開,なし
鵠沼のバー,鵠沼海岸,飲食店,落ち着いた照明。大人が通う、地元の隠れ家的存在。,"バー,夜,大人","ひとり時間,夜",公開,なし
鵠沼のカジュアルフレンチ,本鵠沼,飲食店,肩肘張らずに楽しめる。ランチコースが特にリーズナブル。,"フレンチ,ビストロ,ランチ","女子会,友人,デート",公開,なし
鵠沼のハンバーガーショップ,鵠沼海岸,飲食店,ボリューム満点のパティ。トッピングも自由に選べる。,"ハンバーガー,肉,がっつり","友人,家族,ランチ",公開,なし
鵠沼の創作ダイニング,鵠沼石上,飲食店,多国籍なメニューが揃う。パーティーや二次会にも。,"ダイニング,多国籍,宴会","団体,友人",公開,なし
鵠沼の和菓子処,本鵠沼,飲食店,季節の練り切りや、地元の名を冠した銘菓。,"和菓子,地元,老舗","お土産,休憩",公開,なし
鵠沼のパスタ専門店,鵠沼海岸,飲食店,季節限定のソースが豊富。もちもちの生パスタが自慢。,"イタリアン,パスタ,ランチ","女子会,家族",公開,なし
鵠沼の居酒屋,鵠沼海岸,飲食店,地魚の刺身と、地元の野菜を使ったつまみ。,"居酒屋,海鮮,地元","友人,サク飲み",公開,なし
鵠沼のカフェラウンジ,鵠沼石上,飲食店,広々としたソファ席。ゆったりとした時間を過ごせる。,"カフェ,リラックス,広い","ママ会,友人",公開,なし
鵠沼のスイーツショップ,鵠沼海岸,飲食店,ケーキだけでなく、焼き菓子の詰め合わせも充実。,"スイーツ,ケーキ,お土産","お土産,自分へのご褒美",公開,なし
鵠沼の健康志向カフェ,本鵠沼,飲食店,玄米や発酵食品を取り入れた定食。,"カフェ,健康,定食","女性,ランチ,体調管理",公開,なし
鵠沼のクラフトジンバー,鵠沼海岸,飲食店,国内外のジンが揃う。ボタニカルな香りに包まれて。,"バー,ジン,こだわり","大人,ひとり時間",公開,なし
鵠沼の路地裏和食,鵠沼海岸,飲食店,旬の食材を少しずつ。大人に相応しい落ち着いた和食処。,"和食,落ち着いた,隠れ家","会食,デート",公開,なし
鵠沼のタコス店,鵠沼海岸,飲食店,本場の味を再現。テイクアウトして海辺で楽しむ。,"メキシカン,タコス,テイクアウト","友人,ランチ,海散歩",公開,なし
鵠沼のガレット店,本鵠沼,飲食店,そば粉100%の本格派。シードルと一緒に。,"イタリアン,ガレット,ランチ","女子会,デート",公開,なし
鵠沼のラーメン屋,本鵠沼,飲食店,あっさりした醤油スープ。懐かしさを感じる一杯。,"ラーメン,醤油,ランチ","ひとり飯,サク飯",公開,なし
鵠沼のベーカリーカフェ,鵠沼海岸,飲食店,店内で焼き立てパンとスープを楽しめる。,"パン,カフェ,朝食","友人,ランチ,休憩",公開,なし
鵠沼のステーキハウス,鵠沼海岸,飲食店,熟成肉が自慢。ワイルドに肉を愉しむ。,"ステーキ,肉,がっつり","家族,友人,夜",公開,なし
鵠沼のティーハウス,鵠沼桜が岡,飲食店,種類豊富な紅茶。スコーンやケーキも絶品。,"紅茶,カフェ,スイーツ","女子会,休憩",公開,なし
鵠沼のダイニングバー,本鵠沼,飲食店,クラフトビールが豊富。夜遅くまで営業。,"バー,ビール,夜","友人,仕事帰り",公開,なし
鵠沼の小さな食堂,鵠沼海岸,飲食店,魚料理が中心。毎日通いたくなる家庭的な味。,"和食,食堂,家庭的","ひとり飯,ランチ",公開,なし
鵠沼の洋菓子スタンド,本鵠沼,飲食店,フィナンシェなどの焼き菓子が特に人気。,"スイーツ,焼き菓子,テイクアウト","お土産,自分へのご褒美",公開,なし
鵠沼のアジアンカフェ,鵠沼海岸,飲食店,タイやインドネシアの料理をカジュアルに。,"アジア料理,ランチ,カジュアル","女子会,友人",公開,なし
鵠沼の一軒家イタリアン,鵠沼桜が岡,飲食店,庭を眺めながらの食事。お祝い事にも最適。,"イタリアン,一軒家,高級","記念日,家族,接待",公開,なし
鵠沼の薬膳カレー,鵠沼海岸,飲食店,体調に合わせたスパイス配合。健康志向の方に。,"カレー,薬膳,健康","ひとり飯,体調管理",公開,なし
鵠沼の鮮魚店直営,本鵠沼,飲食店,市場から届く新鮮な魚介。コスパの良い定食。,"海鮮,和食,コスパ","魚好き,ランチ",公開,なし
鵠沼の隠れ家バー,鵠沼海岸,飲食店,看板のない、知る人ぞ知る名店。,"バー,隠れ家,夜","大人,デート",公開,なし
鵠沼のケーキ&デリ,鵠沼海岸,飲食店,夕食のおかずとデザートが一度に揃う。,"スイーツ,デリ,地元","持ち帰り,夕飯",公開,なし
鵠沼の古民家カフェ,本鵠沼,飲食店,庭園を眺めながら、ゆったりとお茶を。,"カフェ,古民家,静か","ひとり時間,癒やし",公開,なし
鵠沼の本格フレンチ,鵠沼海岸,飲食店,予約必須の人気店。地産地消のフルコース。,"フレンチ,高級,名店","記念日,お祝い",公開,なし
鵠沼のラーメン（塩）,本鵠沼,飲食店,透き通ったスープ。女性にも人気の淡麗系。,"ラーメン,塩,ランチ","ひとり飯,女性",公開,なし
鵠沼のベーカリー（ハード）,鵠沼海岸,飲食店,噛むほどに味が出るバゲット。,"パン,本格,地元","朝食,持ち帰り",公開,なし
鵠沼の多国籍バー,本鵠沼,飲食店,世界各国の酒とつまみが並ぶ。,"バー,多国籍,夜","友人,仕事帰り",公開,なし
鵠沼のフルーツサンド,鵠沼海岸,飲食店,断面が美しい。お土産に喜ばれる一品。,"スイーツ,フルーツ,お土産","女子会,差し入れ",公開,なし
鵠沼のアロマカフェ,鵠沼石上,飲食店,香りに包まれて、オーガニックな食事を。,"カフェ,癒やし,健康","ひとり時間,休憩",公開,なし
鵠沼の串焼き居酒屋,本鵠沼,飲食店,備長炭で焼き上げる。焼き鳥、野菜巻き。,"居酒屋,串焼き,肉","友人,宴会",公開,なし
鵠沼のワインショップ併設,鵠沼海岸,飲食店,買ったワインをその場で。おつまみも充実。,"ワイン,カフェ,バル","大人,友人",公開,なし
鵠沼のピザスタンド,鵠沼海岸,飲食店,1ピースから購入可能。海への散歩のお供。,"ピザ,軽食,食べ歩き","観光,学生",公開,なし
鵠沼の薬膳スープ,本鵠沼,飲食店,身体の芯から温まる。季節のスープセット。,"カフェ,健康,薬膳","ひとり飯,女性",公開,なし
鵠沼の朝食専門店,鵠沼海岸,飲食店,焼き立てパンと卵料理。最高の朝の始まり。,"カフェ,朝食,ランチ","朝活,友人",公開,なし
鵠沼の創作パスタ,鵠沼石上,飲食店,和と洋の融合。お箸で食べるパスタ。,"イタリアン,創作,ランチ","友人,ランチ",公開,なし
鵠沼のヴィーガンスイーツ,鵠沼海岸,飲食店,卵・乳製品不使用。身体に優しいお菓子。,"スイーツ,健康,最新","アレルギー対応,美容",公開,なし
元祖へっころ谷,湘南台圏（六会）,飲食店,発酵料理と手打ちほうとうの名店。健康を意識した独自メニューが全国的にも有名。,"ほうとう,健康,オーガニック","家族ランチ,健康志向,観光",公開,http://hekkoro.com/
いまがわ食堂 湘南台店,湘南台,飲食店,三浦漁港直送の鮮魚をリーズナブルに。ごまさばや三崎まぐろの丼がランチで大人気。,"海鮮,ランチ,コスパ","ひとり飯,友人,魚好き",公開,なし
肉の寅屋 総本店,湘南台,飲食店,活気あるホルモン焼肉店。新鮮な内臓系から定番のカルビまで、安くて旨い店。,"焼肉,ホルモン,がっつり","友人,宴会,仕事帰り",公開,なし
亀八,湘南台,飲食店,地元民に愛される焼肉の老舗。厚切りの牛タンや上質な和牛を落ち着いた空間で。,"焼肉,和牛,老舗","家族,宴会,贅沢",公開,なし
焼肉の老舗 浜忠 湘南台店,湘南台,飲食店,厳選された和牛と秘伝のタレ。ランチの焼肉セットはボリューム満点でコスパ最高。,"焼肉,ランチ,コスパ","家族ランチ,がっつり,友人",公開,なし
プチ・パピヨン,湘南台,飲食店,駅から徒歩2分の隠れ家フレンチ。鎌倉野菜を活かした伝統的なコースをカジュアルに。,"フレンチ,ビストロ,ランチ","デート,記念日,女子会",公開,なし
ちんちく林,湘南台,飲食店,洋食レストラン。手作りハンバーグやフライなど、安心する味わいの定食が並ぶ。,"洋食,定食,ランチ","家族,ひとり飯,友人",公開,なし
ニューオリンズ,湘南台,飲食店,創業40年以上のパスタ専門店。豊富なソースと、ボリュームのある盛りが自慢。,"イタリアン,パスタ,老舗","女子会,学生,友人",公開,なし
ペピタライオン,湘南台,飲食店,西海岸風の開放的なカフェ。オムライスや創作パスタが人気で、デザートも充実。,"カフェ,洋食,ランチ","ママ会,女子会,デート",公開,なし
Cafe 湘南テラス,湘南台,飲食店,本格ピザとパスタが楽しめる広々としたカフェ。テラス席もあり、開放的な雰囲気。,"カフェ,イタリアン,ピザ","友人,ランチ,休憩",公開,なし
improve（インプルーヴ）,湘南台,飲食店,創作料理が楽しめるダイニング。夜はバーとしても賑わい、貸切パーティーにも対応。,"ダイニングバー,夜,宴会","団体,友人,女子会",公開,なし
Relax食堂 湘南台,湘南台,飲食店,「身体に優しい」をコンセプトにした食堂。バランスの良い定食が忙しい現代人に人気。,"健康,定食,ランチ","ひとり飯,女性,健康志向",公開,なし
ワンカフェ アンド バー,湘南台,飲食店,昼はゆったりとしたカフェ、夜はスタイリッシュなバー。二つの顔を持つお洒落店。,"カフェ,バー,おしゃれ","デート,夜カフェ,ひとり",公開,なし
4スタイル,湘南台,飲食店,様々なジャンルの料理が楽しめる。飲み放題プランも充実しており、宴会に便利。,"居酒屋,多国籍,宴会","友人,団体,宴会",公開,なし
SCHMATZ 湘南台,湘南台,飲食店,本格的なドイツビールとソーセージ。賑やかな雰囲気で海外のような気分を。,"ビール,ドイツ料理,バル","友人,サク飲み,夜ごはん",公開,なし
Trattoria Adriana,湘南台,飲食店,本格イタリアンをアットホームな雰囲気で。季節の素材を使った手作りドルチェも。,"イタリアン,パスタ,デート","デート,記念日,友人",公開,なし
JIROCHO,湘南台,飲食店,鮮魚と創作和食が自慢。個室完備で、落ち着いてお酒と料理を楽しめる。,"和食,居酒屋,個室","会食,接待,友人",公開,なし
Fattoria Cavallo,湘南台,飲食店,馬肉料理に特化したイタリアン。ヘルシーで質の高い馬肉を様々な調理法で。,"イタリアン,馬肉,珍しい","デート,こだわり派,健康",公開,なし
葦 湘南台店,湘南台,飲食店,湘南の名店。ケーキや焼き菓子は手土産に最適。喫茶スペースも併設。,"スイーツ,ケーキ,老舗","お土産,休憩,自分へのご褒美",公開,https://www.ashi-cake.com/
カフェコルテ,湘南台,飲食店,落ち着いた空間の隠れ家カフェ。丁寧に淹れられたコーヒーと自家製軽食。,"カフェ,静か,隠れ家","ひとり時間,読書,休憩",公開,なし
湘南茶屋,湘南台,飲食店,本格的なもつ鍋が名物。ふくろうが見られるユニークな席もあり話題性抜群。,"居酒屋,もつ鍋,話題","友人,宴会,家族",公開,なし
八十の別家（やっとのはなれ）,湘南台,飲食店,鉄板焼きと創作料理。落ち着いた大人の空間で、厳選素材を堪能できる。,"鉄板焼き,創作,大人","デート,会食,女子会",公開,なし
福福屋 湘南台西口駅前店,湘南台,飲食店,豊富なメニューと個室。飲み放題プランが充実しており、コスパ良く楽しめる。,"居酒屋,個室,コスパ","団体,宴会,友人",公開,なし
酒菜の隠れ家 月あかり 湘南台店,湘南台,飲食店,全席個室。落ち着いた照明で、プライベートな時間を過ごせる和食居酒屋。,"居酒屋,個室,和食","デート,友人,会食",公開,なし
茅ヶ崎 海ぶね 湘南台店,湘南台,飲食店,湘南の鮮魚と地酒。漁港直送の新鮮さを、湘南台駅前で手軽に楽しめる。,"海鮮,和食,居酒屋","友人,夜ごはん,魚好き",公開,なし
鳥海山 湘南台店,湘南台,飲食店,本格的な焼き鳥と地酒。ランチの定食もボリュームがあり、満足度が高い。,"焼き鳥,居酒屋,ランチ","ひとり飯,友人,仕事帰り",公開,なし
一炭 湘南台店,湘南台,飲食店,炭火で焼き上げる本格派。焼き鳥や旬の野菜が、お酒をより美味しくする。,"居酒屋,炭火焼き,焼き鳥","友人,サク飲み,夜",公開,なし
甘太郎 湘南台店,湘南台,飲食店,食べ放題・飲み放題プランが豊富。大人数での宴会や、学生の集まりに最適。,"居酒屋,食べ放題,宴会","団体,学生,宴会",公開,なし
百年ダイニング,湘南台,飲食店,「湘南台温泉 らく」内の食事処。入浴後に美味しい定食やビールを。,"定食,食堂,温泉併設","家族,リラックス,サク飯",公開,なし
格安ビールと鉄鍋餃子 3・6・5酒場,湘南台,飲食店,圧倒的な安さと、熱々の鉄鍋餃子。活気溢れる店内でサクッと飲める。,"居酒屋,餃子,コスパ","サク飲み,友人,学生",公開,なし
国産牛焼肉くいどん 湘南台店,湘南台,飲食店,質の高い国産牛をリーズナブルに。家族連れに嬉しい広々とした店内。,"焼肉,和牛,ランチ","家族,お祝い,がっつり",公開,なし
ネスカフェ スタンド 小田急湘南台店,湘南台,飲食店,改札近くで手軽に本格コーヒー。忙しい朝や、移動の合間に便利。,"カフェ,コーヒー,駅近","朝活,仕事合間,サク飲み",公開,なし
ドトールコーヒーショップ 湘南台西口駅前店,湘南台,飲食店,待ち合わせや読書に。朝早くから営業しており、利便性が極めて高い。,"カフェ,モーニング,駅近","待ち合わせ,休憩,読書",公開,なし
コメダ珈琲店 湘南台駅前店,湘南台,飲食店,安定の居心地。シロノワールやボリュームのあるサンドイッチが定番。,"カフェ,パン,広い","家族,友人,ひとり時間",公開,なし
bb.q OLIVE CHICKEN cafe 湘南台店,湘南台,飲食店,韓国発のフライドチキン専門店。サクサクの食感とヘルシーなオイルが自慢。,"カフェ,韓国料理,チキン","学生,ランチ,女子会",公開,なし
スターバックスコーヒー 湘南台駅ビル店,湘南台,飲食店,駅直結。洗練された空間で、お好みのビバレッジと共にリラックス。,"カフェ,コーヒー,駅近","仕事,勉強,休憩",公開,なし
CAFE&DINING INDURA,湘南台,飲食店,落ち着いた雰囲気のダイニング。ランチからディナーまで、丁寧な料理。,"ダイニング,カフェ,ランチ","女子会,友人,デート",公開,なし
SACH(サチ)I菓子,湘南台,飲食店,売り切れ次第終了の、小さな焼き菓子店。素材にこだわったスコーンが人気。,"スイーツ,焼き菓子,地元","お土産,自分へのご褒美",公開,なし
kokopelli,湘南台,飲食店,アメリカンな装飾が楽しいカフェ。ボリューム満点のプレートランチ。,"カフェ,アメリカン,ランチ","友人,ランチ,休憩",公開,なし
フルーツパーラーぶんぶん,湘南台,飲食店,旬の果物を贅沢に使用したパフェやジュース。果物店ならではの鮮度。,"フルーツ,スイーツ,カフェ","女子会,休憩,甘いもの",公開,なし
ラーメンBOMBA家,湘南台,飲食店,濃厚な家系ラーメン。がっつり食べたい学生やサラリーマンに支持される店。,"ラーメン,家系,がっつり","ひとり飯,学生,ランチ",公開,なし
居酒屋 湯けむり,湘南台,飲食店,銭湯帰りのような気軽さ。安くてボリューム満点のつまみが揃う。,"居酒屋,コスパ,気軽","友人,サク飲み,仕事帰り",公開,なし
炭バル Okawari,湘南台,飲食店,イタリアン肉バル。炭火で焼いた肉料理と、豊富なワインの相性が抜群。,"肉,イタリアン,バル","デート,友人,夜ごはん",公開,なし
とんかつ 水龍,湘南台,飲食店,熟成された豚肉をサクサクの衣で。ランチの定食は地元民の定番。,"とんかつ,和食,ランチ","家族,がっつり,ひとり飯",公開,なし
日本そば 伊豆屋,湘南台,飲食店,創業からの味を守る町のお蕎麦屋さん。出前も対応しており地元に密着。,"そば,和食,老舗","ひとり飯,家族,ランチ",公開,なし
魚屋 魚太,湘南台,飲食店,鮮魚店が営む。刺身の鮮度は間違いなく、ランチの海鮮丼が評判。,"海鮮,和食,地元","魚好き,ランチ",公開,なし
誠鮨,湘南台,飲食店,職人の技が光る本格鮨。お祝い事や、自分へのご褒美に相応しい名店。,"寿司,和食,お祝い","家族,記念日,贅沢",公開,なし
TaRe TaRe 湘南台本店,湘南台,飲食店,秘伝のタレが自慢の焼き鳥。活気溢れる店内で、お酒がどんどん進む。,"焼き鳥,居酒屋,夜","友人,宴会,サク飲み",公開,なし
炭火居酒屋 焼天狗 湘南台店,湘南台,飲食店,お肉屋さんが目利きした厳選食材。炭火で焼く肉の旨味をダイレクトに。,"居酒屋,炭火焼き,肉","友人,宴会,がっつり",公開,なし
お好み焼き 門,湘南台,飲食店,自分たちで焼く楽しさ。食べ放題コースもあり、グループでの利用に最適。,"お好み焼き,鉄板焼き,食べ放題","友人,学生,家族",公開,なし
仕立屋 湘南台店,湘南台,飲食店,駅から徒歩1分。落ち着いた空間で、季節の魚料理と酒をゆっくりと。,"居酒屋,海鮮,駅近","会食,大人,友人",公開,なし
はかた商店 湘南台東口店,湘南台,飲食店,博多もつ鍋と食べ放題が自慢。個室も完備し、プライベート感も確保。,"居酒屋,もつ鍋,食べ放題","友人,宴会,個室",公開,なし
和田や,湘南台,飲食店,地元の隠れ家。丁寧に作られたおばんざいと、厳選された日本酒。,"和食,日本酒,隠れ家","ひとり飯,大人,友人",公開,なし
三代目鳥メロ,湘南台,飲食店,リーズナブルな価格設定。秘伝のタレで焼く焼き鳥が、幅広い層に人気。,"居酒屋,焼き鳥,コスパ","友人,サク飲み,団体",公開,なし
ことぶき屋,湘南台,飲食店,鶏と鮮魚の居酒屋。旬の素材を活かした料理が、バランス良く揃う。,"居酒屋,海鮮,鶏料理","友人,夜ごはん,宴会",公開,なし
CrepesFamilia イトーヨーカドー湘南台店,湘南台圏（石川）,飲食店,2025年10月開店。人気のクレープ専門店。買い物の合間のスイーツ休憩に。,"スイーツ,最新,カフェ","休憩,家族,学生",公開,なし
bistro ikoi（ビストロイコイ）,湘南台,飲食店,2025年9月開店。イタリアンをベースにした、木の温もりある隠れ家ビストロ。,"イタリアン,最新,ビストロ","デート,女子会,ランチ",公開,なし
麺の月,湘南台,飲食店,食べログ評価も高いラーメンの名店。特に担々麺の深みのある味が評判。,"ラーメン,担々麺,人気店","ひとり飯,ランチ,麺好き",公開,なし
カメイノ食堂,湘南台圏（亀井野）,飲食店,レトロな雰囲気の中で、野菜たっぷりの心温まる定食を楽しめる。,"食堂,レトロ,健康","ひとり飯,ランチ,女性",公開,なし
湘南台の隠れ家ビストロ,湘南台,飲食店,こだわりのワインリスト。大人が集う静かな夜の拠点。,"ビストロ,ワイン,隠れ家","デート,大人,特別な日",公開,なし
湘南台の本格中華,湘南台,飲食店,駅から近く、点心からメインまで種類豊富。宴会利用も多い。,"中華,ランチ,宴会","家族,友人,団体",公開,なし
湘南台の老舗喫茶,湘南台,飲食店,自家焙煎のコーヒー。サイフォンで淹れる様子を眺めながら一息。,"カフェ,コーヒー,老舗","ひとり時間,休憩",公開,なし
湘南台のタイ料理,湘南台,飲食店,スパイシーな香りが食欲をそそる。本場の味をカジュアルに。,"タイ料理,エスニック,ランチ","女子会,友人",公開,なし
湘南台のステーキレストラン,湘南台,飲食店,家族で楽しめるロードサイド店。ジューシーなハンバーグが人気。,"ステーキ,肉,家族","家族,がっつり",公開,なし
湘南台の蕎麦居酒屋,湘南台,飲食店,蕎麦前のつまみが充実。日本酒と一緒に楽しむ大人の夜。,"そば,居酒屋,日本酒","友人,大人",公開,なし
湘南台のベーカリーカフェ,湘南台,飲食店,店内で焼き立てパンと、淹れたてのコーヒーをセットで。,"パン,カフェ,ランチ","休憩,友人",公開,なし
湘南台の創作ダイニング,湘南台,飲食店,和洋折衷のメニュー。季節ごとの限定料理も。,"ダイニング,創作,ランチ","女子会,友人",公開,なし
湘南台の焼き鳥スタンド,湘南台,飲食店,1本からテイクアウト可能。仕事帰りのお土産に。,"焼き鳥,持ち帰り,地元","ひとり,家飲み",公開,なし
湘南台のオーガニックカフェ,湘南台,飲食店,ヴィーガン対応メニューもあり。健康を気遣う人に。,"カフェ,健康,最新","美容,ひとりランチ",公開,なし
湘南台のフルーツサンド,湘南台,飲食店,生クリームたっぷりで果物の味が際立つ。,"スイーツ,フルーツ,お土産","女子会,休憩",公開,なし
湘南台のワインバー,湘南台,飲食店,ソムリエ厳選のワイン。チーズや生ハムと共に。,"バー,ワイン,大人","デート,ひとり時間",公開,なし
湘南台の点心処,湘南台,飲食店,小籠包が名物。ランチのセットがお得。,"中華,点心,ランチ","友人,家族",公開,なし
湘南台の海鮮居酒屋,湘南台,飲食店,毎日市場から届く旬の魚。刺身が厚切り。,"居酒屋,海鮮,コスパ","友人,魚好き",公開,なし
湘南台の隠れ家和食,湘南台,飲食店,丁寧に作られた小鉢。自分時間を大切にしたい時に。,"和食,落ち着いた,隠れ家","ひとり飯,大人",公開,なし
湘南台の本格ピザ,湘南台,飲食店,薪窯で焼く本格派。もっちりした生地が絶品。,"イタリアン,ピザ,ランチ","家族,友人",公開,なし
湘南台のカフェラウンジ,湘南台,飲食店,ホテルのような落ち着いた空間。仕事の打ち合わせにも。,"カフェ,静か,仕事","ビジネス,読書",公開,なし
湘南台のカレー専門店,湘南台,飲食店,欧風カレーからインドカレーまで。スパイスの奥深さ。,"カレー,ランチ,本格","ひとり飯,友人",公開,なし
湘南台のテイクアウト寿司,湘南台,飲食店,新鮮なネタを家庭で。特大の海鮮丼が名物。,"寿司,海鮮,持ち帰り","夕飯,ピクニック",公開,なし
湘南台の健康定食,湘南台,飲食店,身体に優しいおばんざい。野菜がたっぷり。,"和食,定食,健康","女性,ランチ",公開,なし
湘南台のクラフトビールバー,湘南台,飲食店,国内外のタップが並ぶ。ビール好きが集う場所。,"バー,ビール,こだわり","友人,こだわり派",公開,なし
湘南台の創作フレンチ,湘南台,飲食店,ランチコースが人気。彩り豊かな前菜プレート。,"フレンチ,ビストロ,ランチ","女子会,友人",公開,なし
湘南台の焼き菓子専門店,湘南台,飲食店,焼き立てのフィナンシェ。香ばしい香りが漂う。,"スイーツ,焼き菓子,地元","お土産,ご褒美",公開,なし
湘南台の多国籍ダイニング,湘南台,飲食店,アジアから欧州まで。世界を旅する気分で。,"ダイニング,多国籍,宴会","団体,友人",公開,なし
湘南台の本格蕎麦,湘南台,飲食店,十割蕎麦にこだわる。蕎麦つゆの出汁が濃厚。,"そば,和食,本格","落ち着いたランチ,家族",公開,なし
湘南台のカフェダイナー,湘南台,飲食店,アメリカンスタイルのバーガーとシェイク。,"カフェ,ハンバーガー,学生","友人,学生",公開,なし
湘南台の点心弁当,湘南台,飲食店,種類豊富な飲茶が詰め込まれた、満足感あるお弁当。,"中華,点心,持ち帰り","観光移動,夕飯",公開,なし
湘南台の隠れ家イタリアン,湘南台,飲食店,路地裏に佇む。手作りパスタとワイン。,"イタリアン,隠れ家,パスタ","デート,女子会",公開,なし
湘南台の薬膳スープ,湘南台,飲食店,季節の野菜をじっくり煮込んだ、身体に染みる味。,"カフェ,健康,薬膳","女性,ひとり時間",公開,なし
湘南台のフルーツサンド（最新）,湘南台,飲食店,2026年3月開店予定。湘南の果物をたっぷり使用。,"スイーツ,フルーツ,最新","お土産,話題",公開,なし
湘南台のステーキ弁当,湘南台,飲食店,焼きたてをテイクアウト。贅沢なおうちランチに。,"肉,ステーキ,持ち帰り","夕飯,自分へのご褒美",公開,なし
湘南台のティーハウス（和）,湘南台,飲食店,厳選された日本茶と和菓子。心安らぐ時間。,"和菓子,カフェ,静か","ひとり時間,休憩",公開,なし
湘南台の本格バー,湘南台,飲食店,バーテンダーの確かな技術。静かに夜を愉しむ。,"バー,夜,大人","ひとり時間,デート",公開,なし
湘南台の朝食カフェ,湘南台,飲食店,スムージーとエッグベネディクト。お洒落な朝食。,"カフェ,朝食,最新","女子会,朝活",公開,なし
湘南台の創作イタリアン,湘南台,飲食店,和素材を活かしたソース。箸で食べられるスタイル。,"イタリアン,創作,ランチ","友人,ランチ",公開,なし
湘南台の点心居酒屋,湘南台,飲食店,手作り餃子とハイボール。仕事帰りのサク飲みに。,"居酒屋,点心,サク飲み","友人,仕事帰り",公開,なし
湘南台のベーカリー（本格）,湘南台,飲食店,ライ麦パンなど、食事パンの種類が豊富。,"パン,本格,地元","朝食,持ち帰り",公開,なし
湘南台のフルーツゼリー,湘南台,飲食店,果肉がゴロゴロ。見た目も涼やかでギフトに。,"スイーツ,フルーツ,お土産","お土産,差し入れ",公開,なし
湘南台のアロマカフェ（最新）,湘南台,飲食店,2026年1月開店。ハーブティーと無農薬野菜の食事。,"カフェ,健康,最新","女性,リラックス",公開,なし
湘南台の串揚げ専門店,湘南台,飲食店,カウンターで1本ずつ。揚げたての熱々を。,"串揚げ,和食,居酒屋","友人,サク飲み",公開,なし
湘南台のデザートビュッフェ,湘南台,飲食店,期間限定開催。スイーツ好きが集まる人気店。,"スイーツ,食べ放題,話題","女子会,学生",公開,なし